mouse,group,cable,original_file,differential_base_name,differential_file,diff_npy_path,spike2_eeg_file,spike2_eeg_path,spike2_scale_factor,spike2_was_scaled,channel_1,channel_2,differential,duration_sec,duration_min,original_path,diff_eeg_path,recording_date,diet_phase,days_on_diet,days_in_recovery,body_weight,body_weight_source,is_recovery,estrous_phase
2,CTRL,Cable1,Mouse2_Cable1-2026-03-04_11-03-06.eeg,Mouse2_Cable1_CTRL_2026-03-04_11-03-06_DIFF_Ch3_minus_Ch4,Mouse2_Cable1_CTRL_2026-03-04_11-03-06_DIFF_Ch3_minus_Ch4.npy,/Users/amanlizahra/Desktop/thesis_lfp_analysis/outputs/03a_differential_npy_filtered_Cable1/Mouse2_Cable1_CTRL_2026-03-04_11-03-06_DIFF_Ch3_minus_Ch4.npy,Mouse2_Cable1_CTRL_2026-03-04_11-03-06_DIFF_Ch3_minus_Ch4.eeg,/Users/amanlizahra/Desktop/thesis_lfp_analysis/outputs/03a_differential_eeg_for_spike2_filtered_Cable1/Mouse2_Cable1_CTRL_2026-03-04_11-03-06_DIFF_Ch3_minus_Ch4.eeg,1.0,False,3,4,Ch3-Ch4,1811.4696,30.19116,/Users/amanlizahra/Desktop/Cable1_CTRL/Mouse2_Cable1-2026-03-04_11-03-06.eeg,/Users/amanlizahra/Desktop/thesis_lfp_analysis/outputs/03a_differential_npy_filtered_Cable1/Mouse2_Cable1_CTRL_2026-03-04_11-03-06_DIFF_Ch3_minus_Ch4.npy,2026-03-04,diet,9.0,,32.13,interpolated,False,B
2,CTRL,Cable1,Mouse2_Cable1-2026-03-09_11-20-55.eeg,Mouse2_Cable1_CTRL_2026-03-09_11-20-55_DIFF_Ch3_minus_Ch4,Mouse2_Cable1_CTRL_2026-03-09_11-20-55_DIFF_Ch3_minus_Ch4.npy,/Users/amanlizahra/Desktop/thesis_lfp_analysis/outputs/03a_differential_npy_filtered_Cable1/Mouse2_Cable1_CTRL_2026-03-09_11-20-55_DIFF_Ch3_minus_Ch4.npy,Mouse2_Cable1_CTRL_2026-03-09_11-20-55_DIFF_Ch3_minus_Ch4.eeg,/Users/amanlizahra/Desktop/thesis_lfp_analysis/outputs/03a_differential_eeg_for_spike2_filtered_Cable1/Mouse2_Cable1_CTRL_2026-03-09_11-20-55_DIFF_Ch3_minus_Ch4.eeg,1.0,False,3,4,Ch3-Ch4,1830.0432,30.50072,/Users/amanlizahra/Desktop/Cable1_CTRL/Mouse2_Cable1-2026-03-09_11-20-55.eeg,/Users/amanlizahra/Desktop/thesis_lfp_analysis/outputs/03a_differential_npy_filtered_Cable1/Mouse2_Cable1_CTRL_2026-03-09_11-20-55_DIFF_Ch3_minus_Ch4.npy,2026-03-09,diet,14.0,,31.5,measured,False,B
2,CTRL,Cable1,Mouse2_Cable1-2026-03-14_11-15-50.eeg,Mouse2_Cable1_CTRL_2026-03-14_11-15-50_DIFF_Ch3_minus_Ch4,Mouse2_Cable1_CTRL_2026-03-14_11-15-50_DIFF_Ch3_minus_Ch4.npy,/Users/amanlizahra/Desktop/thesis_lfp_analysis/outputs/03a_differential_npy_filtered_Cable1/Mouse2_Cable1_CTRL_2026-03-14_11-15-50_DIFF_Ch3_minus_Ch4.npy,Mouse2_Cable1_CTRL_2026-03-14_11-15-50_DIFF_Ch3_minus_Ch4.eeg,/Users/amanlizahra/Desktop/thesis_lfp_analysis/outputs/03a_differential_eeg_for_spike2_filtered_Cable1/Mouse2_Cable1_CTRL_2026-03-14_11-15-50_DIFF_Ch3_minus_Ch4.eeg,1.0,False,3,4,Ch3-Ch4,1842.8448,30.714080000000003,/Users/amanlizahra/Desktop/Cable1_CTRL/Mouse2_Cable1-2026-03-14_11-15-50.eeg,/Users/amanlizahra/Desktop/thesis_lfp_analysis/outputs/03a_differential_npy_filtered_Cable1/Mouse2_Cable1_CTRL_2026-03-14_11-15-50_DIFF_Ch3_minus_Ch4.npy,2026-03-14,diet,19.0,,30.65,interpolated,False,B
2,CTRL,Cable1,Mouse2_Cable1-2026-03-19_16-25-11.eeg,Mouse2_Cable1_CTRL_2026-03-19_16-25-11_DIFF_Ch3_minus_Ch4,Mouse2_Cable1_CTRL_2026-03-19_16-25-11_DIFF_Ch3_minus_Ch4.npy,/Users/amanlizahra/Desktop/thesis_lfp_analysis/outputs/03a_differential_npy_filtered_Cable1/Mouse2_Cable1_CTRL_2026-03-19_16-25-11_DIFF_Ch3_minus_Ch4.npy,Mouse2_Cable1_CTRL_2026-03-19_16-25-11_DIFF_Ch3_minus_Ch4.eeg,/Users/amanlizahra/Desktop/thesis_lfp_analysis/outputs/03a_differential_eeg_for_spike2_filtered_Cable1/Mouse2_Cable1_CTRL_2026-03-19_16-25-11_DIFF_Ch3_minus_Ch4.eeg,1.0,False,3,4,Ch3-Ch4,1810.5736,30.176226666666665,/Users/amanlizahra/Desktop/Cable1_CTRL/Mouse2_Cable1-2026-03-19_16-25-11.eeg,/Users/amanlizahra/Desktop/thesis_lfp_analysis/outputs/03a_differential_npy_filtered_Cable1/Mouse2_Cable1_CTRL_2026-03-19_16-25-11_DIFF_Ch3_minus_Ch4.npy,2026-03-19,diet,24.0,,30.6,measured,False,B
2,CTRL,Cable1,Mouse2_Cable1-2026-03-27_10-36-46.eeg,Mouse2_Cable1_CTRL_2026-03-27_10-36-46_DIFF_Ch3_minus_Ch4,Mouse2_Cable1_CTRL_2026-03-27_10-36-46_DIFF_Ch3_minus_Ch4.npy,/Users/amanlizahra/Desktop/thesis_lfp_analysis/outputs/03a_differential_npy_filtered_Cable1/Mouse2_Cable1_CTRL_2026-03-27_10-36-46_DIFF_Ch3_minus_Ch4.npy,Mouse2_Cable1_CTRL_2026-03-27_10-36-46_DIFF_Ch3_minus_Ch4.eeg,/Users/amanlizahra/Desktop/thesis_lfp_analysis/outputs/03a_differential_eeg_for_spike2_filtered_Cable1/Mouse2_Cable1_CTRL_2026-03-27_10-36-46_DIFF_Ch3_minus_Ch4.eeg,1.0,False,3,4,Ch3-Ch4,1831.128,30.5188,/Users/amanlizahra/Desktop/Cable1_CTRL/Mouse2_Cable1-2026-03-27_10-36-46.eeg,/Users/amanlizahra/Desktop/thesis_lfp_analysis/outputs/03a_differential_npy_filtered_Cable1/Mouse2_Cable1_CTRL_2026-03-27_10-36-46_DIFF_Ch3_minus_Ch4.npy,2026-03-27,diet,32.0,,30.65,interpolated,False,A
2,CTRL,Cable1,Mouse2_Cable1-2026-04-01_10-31-21.eeg,Mouse2_Cable1_CTRL_2026-04-01_10-31-21_DIFF_Ch3_minus_Ch4,Mouse2_Cable1_CTRL_2026-04-01_10-31-21_DIFF_Ch3_minus_Ch4.npy,/Users/amanlizahra/Desktop/thesis_lfp_analysis/outputs/03a_differential_npy_filtered_Cable1/Mouse2_Cable1_CTRL_2026-04-01_10-31-21_DIFF_Ch3_minus_Ch4.npy,Mouse2_Cable1_CTRL_2026-04-01_10-31-21_DIFF_Ch3_minus_Ch4.eeg,/Users/amanlizahra/Desktop/thesis_lfp_analysis/outputs/03a_differential_eeg_for_spike2_filtered_Cable1/Mouse2_Cable1_CTRL_2026-04-01_10-31-21_DIFF_Ch3_minus_Ch4.eeg,1.0,False,3,4,Ch3-Ch4,1238.9536,20.649226666666667,/Users/amanlizahra/Desktop/Cable1_CTRL/Mouse2_Cable1-2026-04-01_10-31-21.eeg,/Users/amanlizahra/Desktop/thesis_lfp_analysis/outputs/03a_differential_npy_filtered_Cable1/Mouse2_Cable1_CTRL_2026-04-01_10-31-21_DIFF_Ch3_minus_Ch4.npy,2026-04-01,recovery,,2.0,31.13,interpolated,False,A
2,CTRL,Cable1,Mouse2_Cable1_2026-03-30_10-02-35.eeg,Mouse2_Cable1_CTRL_2026-03-30_10-02-35_DIFF_Ch3_minus_Ch4,Mouse2_Cable1_CTRL_2026-03-30_10-02-35_DIFF_Ch3_minus_Ch4.npy,/Users/amanlizahra/Desktop/thesis_lfp_analysis/outputs/03a_differential_npy_filtered_Cable1/Mouse2_Cable1_CTRL_2026-03-30_10-02-35_DIFF_Ch3_minus_Ch4.npy,Mouse2_Cable1_CTRL_2026-03-30_10-02-35_DIFF_Ch3_minus_Ch4.eeg,/Users/amanlizahra/Desktop/thesis_lfp_analysis/outputs/03a_differential_eeg_for_spike2_filtered_Cable1/Mouse2_Cable1_CTRL_2026-03-30_10-02-35_DIFF_Ch3_minus_Ch4.eeg,1.0,False,3,4,Ch3-Ch4,1248.4048,20.806746666666665,/Users/amanlizahra/Desktop/Cable1_CTRL/Mouse2_Cable1_2026-03-30_10-02-35.eeg,/Users/amanlizahra/Desktop/thesis_lfp_analysis/outputs/03a_differential_npy_filtered_Cable1/Mouse2_Cable1_CTRL_2026-03-30_10-02-35_DIFF_Ch3_minus_Ch4.npy,2026-03-30,diet,35.0,,29.6,measured,False,D
5,CTRL,Cable1,Mouse5_Cable1-2026-03-06_11-12-15.eeg,Mouse5_Cable1_CTRL_2026-03-06_11-12-15_DIFF_Ch2_minus_Ch3,Mouse5_Cable1_CTRL_2026-03-06_11-12-15_DIFF_Ch2_minus_Ch3.npy,/Users/amanlizahra/Desktop/thesis_lfp_analysis/outputs/03a_differential_npy_filtered_Cable1/Mouse5_Cable1_CTRL_2026-03-06_11-12-15_DIFF_Ch2_minus_Ch3.npy,Mouse5_Cable1_CTRL_2026-03-06_11-12-15_DIFF_Ch2_minus_Ch3.eeg,/Users/amanlizahra/Desktop/thesis_lfp_analysis/outputs/03a_differential_eeg_for_spike2_filtered_Cable1/Mouse5_Cable1_CTRL_2026-03-06_11-12-15_DIFF_Ch2_minus_Ch3.eeg,1.0,False,2,3,Ch2-Ch3,1801.9712,30.032853333333332,/Users/amanlizahra/Desktop/Cable1_CTRL/Mouse5_Cable1-2026-03-06_11-12-15.eeg,/Users/amanlizahra/Desktop/thesis_lfp_analysis/outputs/03a_differential_npy_filtered_Cable1/Mouse5_Cable1_CTRL_2026-03-06_11-12-15_DIFF_Ch2_minus_Ch3.npy,2026-03-06,diet,11.0,,30.95,interpolated,False,D
5,CTRL,Cable1,Mouse5_Cable1-2026-03-11_11-11-07.eeg,Mouse5_Cable1_CTRL_2026-03-11_11-11-07_DIFF_Ch2_minus_Ch3,Mouse5_Cable1_CTRL_2026-03-11_11-11-07_DIFF_Ch2_minus_Ch3.npy,/Users/amanlizahra/Desktop/thesis_lfp_analysis/outputs/03a_differential_npy_filtered_Cable1/Mouse5_Cable1_CTRL_2026-03-11_11-11-07_DIFF_Ch2_minus_Ch3.npy,Mouse5_Cable1_CTRL_2026-03-11_11-11-07_DIFF_Ch2_minus_Ch3.eeg,/Users/amanlizahra/Desktop/thesis_lfp_analysis/outputs/03a_differential_eeg_for_spike2_filtered_Cable1/Mouse5_Cable1_CTRL_2026-03-11_11-11-07_DIFF_Ch2_minus_Ch3.eeg,1.0,False,2,3,Ch2-Ch3,1808.3248,30.13874666666667,/Users/amanlizahra/Desktop/Cable1_CTRL/Mouse5_Cable1-2026-03-11_11-11-07.eeg,/Users/amanlizahra/Desktop/thesis_lfp_analysis/outputs/03a_differential_npy_filtered_Cable1/Mouse5_Cable1_CTRL_2026-03-11_11-11-07_DIFF_Ch2_minus_Ch3.npy,2026-03-11,diet,16.0,,29.77,interpolated,False,C
5,CTRL,Cable1,Mouse5_Cable1-2026-03-17_10-31-53.eeg,Mouse5_Cable1_CTRL_2026-03-17_10-31-53_DIFF_Ch2_minus_Ch3,Mouse5_Cable1_CTRL_2026-03-17_10-31-53_DIFF_Ch2_minus_Ch3.npy,/Users/amanlizahra/Desktop/thesis_lfp_analysis/outputs/03a_differential_npy_filtered_Cable1/Mouse5_Cable1_CTRL_2026-03-17_10-31-53_DIFF_Ch2_minus_Ch3.npy,Mouse5_Cable1_CTRL_2026-03-17_10-31-53_DIFF_Ch2_minus_Ch3.eeg,/Users/amanlizahra/Desktop/thesis_lfp_analysis/outputs/03a_differential_eeg_for_spike2_filtered_Cable1/Mouse5_Cable1_CTRL_2026-03-17_10-31-53_DIFF_Ch2_minus_Ch3.eeg,1.0,False,2,3,Ch2-Ch3,1803.9056,30.065093333333333,/Users/amanlizahra/Desktop/Cable1_CTRL/Mouse5_Cable1-2026-03-17_10-31-53.eeg,/Users/amanlizahra/Desktop/thesis_lfp_analysis/outputs/03a_differential_npy_filtered_Cable1/Mouse5_Cable1_CTRL_2026-03-17_10-31-53_DIFF_Ch2_minus_Ch3.npy,2026-03-17,diet,22.0,,29.33,interpolated,False,C
5,CTRL,Cable1,Mouse5_Cable1-2026-03-24_12-38-34.eeg,Mouse5_Cable1_CTRL_2026-03-24_12-38-34_DIFF_Ch2_minus_Ch3,Mouse5_Cable1_CTRL_2026-03-24_12-38-34_DIFF_Ch2_minus_Ch3.npy,/Users/amanlizahra/Desktop/thesis_lfp_analysis/outputs/03a_differential_npy_filtered_Cable1/Mouse5_Cable1_CTRL_2026-03-24_12-38-34_DIFF_Ch2_minus_Ch3.npy,Mouse5_Cable1_CTRL_2026-03-24_12-38-34_DIFF_Ch2_minus_Ch3.eeg,/Users/amanlizahra/Desktop/thesis_lfp_analysis/outputs/03a_differential_eeg_for_spike2_filtered_Cable1/Mouse5_Cable1_CTRL_2026-03-24_12-38-34_DIFF_Ch2_minus_Ch3.eeg,1.0,False,2,3,Ch2-Ch3,1809.504,30.158399999999997,/Users/amanlizahra/Desktop/Cable1_CTRL/Mouse5_Cable1-2026-03-24_12-38-34.eeg,/Users/amanlizahra/Desktop/thesis_lfp_analysis/outputs/03a_differential_npy_filtered_Cable1/Mouse5_Cable1_CTRL_2026-03-24_12-38-34_DIFF_Ch2_minus_Ch3.npy,2026-03-24,diet,29.0,,29.17,interpolated,False,D
5,CTRL,Cable1,Mouse5_Cable1-2026-04-01_10-55-04.eeg,Mouse5_Cable1_CTRL_2026-04-01_10-55-04_DIFF_Ch2_minus_Ch3,Mouse5_Cable1_CTRL_2026-04-01_10-55-04_DIFF_Ch2_minus_Ch3.npy,/Users/amanlizahra/Desktop/thesis_lfp_analysis/outputs/03a_differential_npy_filtered_Cable1/Mouse5_Cable1_CTRL_2026-04-01_10-55-04_DIFF_Ch2_minus_Ch3.npy,Mouse5_Cable1_CTRL_2026-04-01_10-55-04_DIFF_Ch2_minus_Ch3.eeg,/Users/amanlizahra/Desktop/thesis_lfp_analysis/outputs/03a_differential_eeg_for_spike2_filtered_Cable1/Mouse5_Cable1_CTRL_2026-04-01_10-55-04_DIFF_Ch2_minus_Ch3.eeg,1.0,False,2,3,Ch2-Ch3,1213.0984,20.218306666666667,/Users/amanlizahra/Desktop/Cable1_CTRL/Mouse5_Cable1-2026-04-01_10-55-04.eeg,/Users/amanlizahra/Desktop/thesis_lfp_analysis/outputs/03a_differential_npy_filtered_Cable1/Mouse5_Cable1_CTRL_2026-04-01_10-55-04_DIFF_Ch2_minus_Ch3.npy,2026-04-01,recovery,,2.0,29.7,interpolated,False,B
5,CTRL,Cable1,Mouse5_Cable1_2026-03-30_10-27-44.eeg,Mouse5_Cable1_CTRL_2026-03-30_10-27-44_DIFF_Ch2_minus_Ch3,Mouse5_Cable1_CTRL_2026-03-30_10-27-44_DIFF_Ch2_minus_Ch3.npy,/Users/amanlizahra/Desktop/thesis_lfp_analysis/outputs/03a_differential_npy_filtered_Cable1/Mouse5_Cable1_CTRL_2026-03-30_10-27-44_DIFF_Ch2_minus_Ch3.npy,Mouse5_Cable1_CTRL_2026-03-30_10-27-44_DIFF_Ch2_minus_Ch3.eeg,/Users/amanlizahra/Desktop/thesis_lfp_analysis/outputs/03a_differential_eeg_for_spike2_filtered_Cable1/Mouse5_Cable1_CTRL_2026-03-30_10-27-44_DIFF_Ch2_minus_Ch3.eeg,1.0,False,2,3,Ch2-Ch3,1246.7848,20.779746666666664,/Users/amanlizahra/Desktop/Cable1_CTRL/Mouse5_Cable1_2026-03-30_10-27-44.eeg,/Users/amanlizahra/Desktop/thesis_lfp_analysis/outputs/03a_differential_npy_filtered_Cable1/Mouse5_Cable1_CTRL_2026-03-30_10-27-44_DIFF_Ch2_minus_Ch3.npy,2026-03-30,diet,35.0,,28.9,measured,False,D
7,CTRL,Cable1,Mouse7_Cable1-2026-03-04_11-40-58.eeg,Mouse7_Cable1_CTRL_2026-03-04_11-40-58_DIFF_Ch3_minus_Ch4,Mouse7_Cable1_CTRL_2026-03-04_11-40-58_DIFF_Ch3_minus_Ch4.npy,/Users/amanlizahra/Desktop/thesis_lfp_analysis/outputs/03a_differential_npy_filtered_Cable1/Mouse7_Cable1_CTRL_2026-03-04_11-40-58_DIFF_Ch3_minus_Ch4.npy,Mouse7_Cable1_CTRL_2026-03-04_11-40-58_DIFF_Ch3_minus_Ch4.eeg,/Users/amanlizahra/Desktop/thesis_lfp_analysis/outputs/03a_differential_eeg_for_spike2_filtered_Cable1/Mouse7_Cable1_CTRL_2026-03-04_11-40-58_DIFF_Ch3_minus_Ch4.eeg,1.0,False,3,4,Ch3-Ch4,1846.4776,30.774626666666666,/Users/amanlizahra/Desktop/Cable1_CTRL/Mouse7_Cable1-2026-03-04_11-40-58.eeg,/Users/amanlizahra/Desktop/thesis_lfp_analysis/outputs/03a_differential_npy_filtered_Cable1/Mouse7_Cable1_CTRL_2026-03-04_11-40-58_DIFF_Ch3_minus_Ch4.npy,2026-03-04,diet,9.0,,31.0,interpolated,False,C
7,CTRL,Cable1,Mouse7_Cable1-2026-03-09_11-59-34.eeg,Mouse7_Cable1_CTRL_2026-03-09_11-59-34_DIFF_Ch3_minus_Ch4,Mouse7_Cable1_CTRL_2026-03-09_11-59-34_DIFF_Ch3_minus_Ch4.npy,/Users/amanlizahra/Desktop/thesis_lfp_analysis/outputs/03a_differential_npy_filtered_Cable1/Mouse7_Cable1_CTRL_2026-03-09_11-59-34_DIFF_Ch3_minus_Ch4.npy,Mouse7_Cable1_CTRL_2026-03-09_11-59-34_DIFF_Ch3_minus_Ch4.eeg,/Users/amanlizahra/Desktop/thesis_lfp_analysis/outputs/03a_differential_eeg_for_spike2_filtered_Cable1/Mouse7_Cable1_CTRL_2026-03-09_11-59-34_DIFF_Ch3_minus_Ch4.eeg,0.889852896193098,True,3,4,Ch3-Ch4,1838.9448,30.64908,/Users/amanlizahra/Desktop/Cable1_CTRL/Mouse7_Cable1-2026-03-09_11-59-34.eeg,/Users/amanlizahra/Desktop/thesis_lfp_analysis/outputs/03a_differential_npy_filtered_Cable1/Mouse7_Cable1_CTRL_2026-03-09_11-59-34_DIFF_Ch3_minus_Ch4.npy,2026-03-09,diet,14.0,,30.2,measured,False,D
7,CTRL,Cable1,Mouse7_Cable1-2026-03-14_11-51-43.eeg,Mouse7_Cable1_CTRL_2026-03-14_11-51-43_DIFF_Ch3_minus_Ch4,Mouse7_Cable1_CTRL_2026-03-14_11-51-43_DIFF_Ch3_minus_Ch4.npy,/Users/amanlizahra/Desktop/thesis_lfp_analysis/outputs/03a_differential_npy_filtered_Cable1/Mouse7_Cable1_CTRL_2026-03-14_11-51-43_DIFF_Ch3_minus_Ch4.npy,Mouse7_Cable1_CTRL_2026-03-14_11-51-43_DIFF_Ch3_minus_Ch4.eeg,/Users/amanlizahra/Desktop/thesis_lfp_analysis/outputs/03a_differential_eeg_for_spike2_filtered_Cable1/Mouse7_Cable1_CTRL_2026-03-14_11-51-43_DIFF_Ch3_minus_Ch4.eeg,1.0,False,3,4,Ch3-Ch4,1819.9624,30.332706666666663,/Users/amanlizahra/Desktop/Cable1_CTRL/Mouse7_Cable1-2026-03-14_11-51-43.eeg,/Users/amanlizahra/Desktop/thesis_lfp_analysis/outputs/03a_differential_npy_filtered_Cable1/Mouse7_Cable1_CTRL_2026-03-14_11-51-43_DIFF_Ch3_minus_Ch4.npy,2026-03-14,diet,19.0,,31.05,interpolated,False,D
7,CTRL,Cable1,Mouse7_Cable1-2026-03-19_17-01-34.eeg,Mouse7_Cable1_CTRL_2026-03-19_17-01-34_DIFF_Ch3_minus_Ch4,Mouse7_Cable1_CTRL_2026-03-19_17-01-34_DIFF_Ch3_minus_Ch4.npy,/Users/amanlizahra/Desktop/thesis_lfp_analysis/outputs/03a_differential_npy_filtered_Cable1/Mouse7_Cable1_CTRL_2026-03-19_17-01-34_DIFF_Ch3_minus_Ch4.npy,Mouse7_Cable1_CTRL_2026-03-19_17-01-34_DIFF_Ch3_minus_Ch4.eeg,/Users/amanlizahra/Desktop/thesis_lfp_analysis/outputs/03a_differential_eeg_for_spike2_filtered_Cable1/Mouse7_Cable1_CTRL_2026-03-19_17-01-34_DIFF_Ch3_minus_Ch4.eeg,1.0,False,3,4,Ch3-Ch4,1835.6576,30.594293333333333,/Users/amanlizahra/Desktop/Cable1_CTRL/Mouse7_Cable1-2026-03-19_17-01-34.eeg,/Users/amanlizahra/Desktop/thesis_lfp_analysis/outputs/03a_differential_npy_filtered_Cable1/Mouse7_Cable1_CTRL_2026-03-19_17-01-34_DIFF_Ch3_minus_Ch4.npy,2026-03-19,diet,24.0,,30.3,measured,False,C
7,CTRL,Cable1,Mouse7_Cable1-2026-03-27_11-12-28.eeg,Mouse7_Cable1_CTRL_2026-03-27_11-12-28_DIFF_Ch3_minus_Ch4,Mouse7_Cable1_CTRL_2026-03-27_11-12-28_DIFF_Ch3_minus_Ch4.npy,/Users/amanlizahra/Desktop/thesis_lfp_analysis/outputs/03a_differential_npy_filtered_Cable1/Mouse7_Cable1_CTRL_2026-03-27_11-12-28_DIFF_Ch3_minus_Ch4.npy,Mouse7_Cable1_CTRL_2026-03-27_11-12-28_DIFF_Ch3_minus_Ch4.eeg,/Users/amanlizahra/Desktop/thesis_lfp_analysis/outputs/03a_differential_eeg_for_spike2_filtered_Cable1/Mouse7_Cable1_CTRL_2026-03-27_11-12-28_DIFF_Ch3_minus_Ch4.eeg,1.0,False,3,4,Ch3-Ch4,1829.8384,30.497306666666667,/Users/amanlizahra/Desktop/Cable1_CTRL/Mouse7_Cable1-2026-03-27_11-12-28.eeg,/Users/amanlizahra/Desktop/thesis_lfp_analysis/outputs/03a_differential_npy_filtered_Cable1/Mouse7_Cable1_CTRL_2026-03-27_11-12-28_DIFF_Ch3_minus_Ch4.npy,2026-03-27,diet,32.0,,28.72,interpolated,False,D
7,CTRL,Cable1,Mouse7_Cable1-2026-04-01_11-18-33.eeg,Mouse7_Cable1_CTRL_2026-04-01_11-18-33_DIFF_Ch3_minus_Ch4,Mouse7_Cable1_CTRL_2026-04-01_11-18-33_DIFF_Ch3_minus_Ch4.npy,/Users/amanlizahra/Desktop/thesis_lfp_analysis/outputs/03a_differential_npy_filtered_Cable1/Mouse7_Cable1_CTRL_2026-04-01_11-18-33_DIFF_Ch3_minus_Ch4.npy,Mouse7_Cable1_CTRL_2026-04-01_11-18-33_DIFF_Ch3_minus_Ch4.eeg,/Users/amanlizahra/Desktop/thesis_lfp_analysis/outputs/03a_differential_eeg_for_spike2_filtered_Cable1/Mouse7_Cable1_CTRL_2026-04-01_11-18-33_DIFF_Ch3_minus_Ch4.eeg,1.0,False,3,4,Ch3-Ch4,1231.1368,20.518946666666668,/Users/amanlizahra/Desktop/Cable1_CTRL/Mouse7_Cable1-2026-04-01_11-18-33.eeg,/Users/amanlizahra/Desktop/thesis_lfp_analysis/outputs/03a_differential_npy_filtered_Cable1/Mouse7_Cable1_CTRL_2026-04-01_11-18-33_DIFF_Ch3_minus_Ch4.npy,2026-04-01,recovery,,2.0,29.0,interpolated,False,A
7,CTRL,Cable1,Mouse7_Cable1_2026-03-30_10-51-09.eeg,Mouse7_Cable1_CTRL_2026-03-30_10-51-09_DIFF_Ch3_minus_Ch4,Mouse7_Cable1_CTRL_2026-03-30_10-51-09_DIFF_Ch3_minus_Ch4.npy,/Users/amanlizahra/Desktop/thesis_lfp_analysis/outputs/03a_differential_npy_filtered_Cable1/Mouse7_Cable1_CTRL_2026-03-30_10-51-09_DIFF_Ch3_minus_Ch4.npy,Mouse7_Cable1_CTRL_2026-03-30_10-51-09_DIFF_Ch3_minus_Ch4.eeg,/Users/amanlizahra/Desktop/thesis_lfp_analysis/outputs/03a_differential_eeg_for_spike2_filtered_Cable1/Mouse7_Cable1_CTRL_2026-03-30_10-51-09_DIFF_Ch3_minus_Ch4.eeg,1.0,False,3,4,Ch3-Ch4,1233.7632,20.562720000000002,/Users/amanlizahra/Desktop/Cable1_CTRL/Mouse7_Cable1_2026-03-30_10-51-09.eeg,/Users/amanlizahra/Desktop/thesis_lfp_analysis/outputs/03a_differential_npy_filtered_Cable1/Mouse7_Cable1_CTRL_2026-03-30_10-51-09_DIFF_Ch3_minus_Ch4.npy,2026-03-30,diet,35.0,,28.2,measured,False,D
8,CTRL,Cable1,Mouse8_Cable1-2026-03-06_11-51-01.eeg,Mouse8_Cable1_CTRL_2026-03-06_11-51-01_DIFF_Ch3_minus_Ch4,Mouse8_Cable1_CTRL_2026-03-06_11-51-01_DIFF_Ch3_minus_Ch4.npy,/Users/amanlizahra/Desktop/thesis_lfp_analysis/outputs/03a_differential_npy_filtered_Cable1/Mouse8_Cable1_CTRL_2026-03-06_11-51-01_DIFF_Ch3_minus_Ch4.npy,Mouse8_Cable1_CTRL_2026-03-06_11-51-01_DIFF_Ch3_minus_Ch4.eeg,/Users/amanlizahra/Desktop/thesis_lfp_analysis/outputs/03a_differential_eeg_for_spike2_filtered_Cable1/Mouse8_Cable1_CTRL_2026-03-06_11-51-01_DIFF_Ch3_minus_Ch4.eeg,1.0,False,3,4,Ch3-Ch4,1821.472,30.357866666666666,/Users/amanlizahra/Desktop/Cable1_CTRL/Mouse8_Cable1-2026-03-06_11-51-01.eeg,/Users/amanlizahra/Desktop/thesis_lfp_analysis/outputs/03a_differential_npy_filtered_Cable1/Mouse8_Cable1_CTRL_2026-03-06_11-51-01_DIFF_Ch3_minus_Ch4.npy,2026-03-06,diet,11.0,,30.65,interpolated,False,C
8,CTRL,Cable1,Mouse8_Cable1-2026-03-11_11-51-53.eeg,Mouse8_Cable1_CTRL_2026-03-11_11-51-53_DIFF_Ch3_minus_Ch4,Mouse8_Cable1_CTRL_2026-03-11_11-51-53_DIFF_Ch3_minus_Ch4.npy,/Users/amanlizahra/Desktop/thesis_lfp_analysis/outputs/03a_differential_npy_filtered_Cable1/Mouse8_Cable1_CTRL_2026-03-11_11-51-53_DIFF_Ch3_minus_Ch4.npy,Mouse8_Cable1_CTRL_2026-03-11_11-51-53_DIFF_Ch3_minus_Ch4.eeg,/Users/amanlizahra/Desktop/thesis_lfp_analysis/outputs/03a_differential_eeg_for_spike2_filtered_Cable1/Mouse8_Cable1_CTRL_2026-03-11_11-51-53_DIFF_Ch3_minus_Ch4.eeg,1.0,False,3,4,Ch3-Ch4,1804.3456,30.07242666666667,/Users/amanlizahra/Desktop/Cable1_CTRL/Mouse8_Cable1-2026-03-11_11-51-53.eeg,/Users/amanlizahra/Desktop/thesis_lfp_analysis/outputs/03a_differential_npy_filtered_Cable1/Mouse8_Cable1_CTRL_2026-03-11_11-51-53_DIFF_Ch3_minus_Ch4.npy,2026-03-11,diet,16.0,,29.77,interpolated,False,C
8,CTRL,Cable1,Mouse8_Cable1-2026-03-17_11-09-26.eeg,Mouse8_Cable1_CTRL_2026-03-17_11-09-26_DIFF_Ch3_minus_Ch4,Mouse8_Cable1_CTRL_2026-03-17_11-09-26_DIFF_Ch3_minus_Ch4.npy,/Users/amanlizahra/Desktop/thesis_lfp_analysis/outputs/03a_differential_npy_filtered_Cable1/Mouse8_Cable1_CTRL_2026-03-17_11-09-26_DIFF_Ch3_minus_Ch4.npy,Mouse8_Cable1_CTRL_2026-03-17_11-09-26_DIFF_Ch3_minus_Ch4.eeg,/Users/amanlizahra/Desktop/thesis_lfp_analysis/outputs/03a_differential_eeg_for_spike2_filtered_Cable1/Mouse8_Cable1_CTRL_2026-03-17_11-09-26_DIFF_Ch3_minus_Ch4.eeg,1.0,False,3,4,Ch3-Ch4,1815.748,30.26246666666667,/Users/amanlizahra/Desktop/Cable1_CTRL/Mouse8_Cable1-2026-03-17_11-09-26.eeg,/Users/amanlizahra/Desktop/thesis_lfp_analysis/outputs/03a_differential_npy_filtered_Cable1/Mouse8_Cable1_CTRL_2026-03-17_11-09-26_DIFF_Ch3_minus_Ch4.npy,2026-03-17,diet,22.0,,29.2,interpolated,False,D
8,CTRL,Cable1,Mouse8_Cable1-2026-03-24_13-14-52.eeg,Mouse8_Cable1_CTRL_2026-03-24_13-14-52_DIFF_Ch3_minus_Ch4,Mouse8_Cable1_CTRL_2026-03-24_13-14-52_DIFF_Ch3_minus_Ch4.npy,/Users/amanlizahra/Desktop/thesis_lfp_analysis/outputs/03a_differential_npy_filtered_Cable1/Mouse8_Cable1_CTRL_2026-03-24_13-14-52_DIFF_Ch3_minus_Ch4.npy,Mouse8_Cable1_CTRL_2026-03-24_13-14-52_DIFF_Ch3_minus_Ch4.eeg,/Users/amanlizahra/Desktop/thesis_lfp_analysis/outputs/03a_differential_eeg_for_spike2_filtered_Cable1/Mouse8_Cable1_CTRL_2026-03-24_13-14-52_DIFF_Ch3_minus_Ch4.eeg,1.0,False,3,4,Ch3-Ch4,1835.1856,30.586426666666668,/Users/amanlizahra/Desktop/Cable1_CTRL/Mouse8_Cable1-2026-03-24_13-14-52.eeg,/Users/amanlizahra/Desktop/thesis_lfp_analysis/outputs/03a_differential_npy_filtered_Cable1/Mouse8_Cable1_CTRL_2026-03-24_13-14-52_DIFF_Ch3_minus_Ch4.npy,2026-03-24,diet,29.0,,29.57,interpolated,False,B
8,CTRL,Cable1,Mouse8_Cable1-2026-04-01_11-42-11.eeg,Mouse8_Cable1_CTRL_2026-04-01_11-42-11_DIFF_Ch3_minus_Ch4,Mouse8_Cable1_CTRL_2026-04-01_11-42-11_DIFF_Ch3_minus_Ch4.npy,/Users/amanlizahra/Desktop/thesis_lfp_analysis/outputs/03a_differential_npy_filtered_Cable1/Mouse8_Cable1_CTRL_2026-04-01_11-42-11_DIFF_Ch3_minus_Ch4.npy,Mouse8_Cable1_CTRL_2026-04-01_11-42-11_DIFF_Ch3_minus_Ch4.eeg,/Users/amanlizahra/Desktop/thesis_lfp_analysis/outputs/03a_differential_eeg_for_spike2_filtered_Cable1/Mouse8_Cable1_CTRL_2026-04-01_11-42-11_DIFF_Ch3_minus_Ch4.eeg,1.0,False,3,4,Ch3-Ch4,1233.9368,20.56561333333333,/Users/amanlizahra/Desktop/Cable1_CTRL/Mouse8_Cable1-2026-04-01_11-42-11.eeg,/Users/amanlizahra/Desktop/thesis_lfp_analysis/outputs/03a_differential_npy_filtered_Cable1/Mouse8_Cable1_CTRL_2026-04-01_11-42-11_DIFF_Ch3_minus_Ch4.npy,2026-04-01,recovery,,2.0,29.73,interpolated,False,A
8,CTRL,Cable1,Mouse8_Cable1_2026-03-30_11-14-35.eeg,Mouse8_Cable1_CTRL_2026-03-30_11-14-35_DIFF_Ch3_minus_Ch4,Mouse8_Cable1_CTRL_2026-03-30_11-14-35_DIFF_Ch3_minus_Ch4.npy,/Users/amanlizahra/Desktop/thesis_lfp_analysis/outputs/03a_differential_npy_filtered_Cable1/Mouse8_Cable1_CTRL_2026-03-30_11-14-35_DIFF_Ch3_minus_Ch4.npy,Mouse8_Cable1_CTRL_2026-03-30_11-14-35_DIFF_Ch3_minus_Ch4.eeg,/Users/amanlizahra/Desktop/thesis_lfp_analysis/outputs/03a_differential_eeg_for_spike2_filtered_Cable1/Mouse8_Cable1_CTRL_2026-03-30_11-14-35_DIFF_Ch3_minus_Ch4.eeg,1.0,False,3,4,Ch3-Ch4,1226.4192,20.44032,/Users/amanlizahra/Desktop/Cable1_CTRL/Mouse8_Cable1_2026-03-30_11-14-35.eeg,/Users/amanlizahra/Desktop/thesis_lfp_analysis/outputs/03a_differential_npy_filtered_Cable1/Mouse8_Cable1_CTRL_2026-03-30_11-14-35_DIFF_Ch3_minus_Ch4.npy,2026-03-30,diet,35.0,,28.6,measured,False,D
13,CTRL,Cable1,Mouse13_Cable1-2026-02-19_11-46-09.eeg,Mouse13_Cable1_CTRL_2026-02-19_11-46-09_DIFF_Ch2_minus_Ch3,Mouse13_Cable1_CTRL_2026-02-19_11-46-09_DIFF_Ch2_minus_Ch3.npy,/Users/amanlizahra/Desktop/thesis_lfp_analysis/outputs/03a_differential_npy_filtered_Cable1/Mouse13_Cable1_CTRL_2026-02-19_11-46-09_DIFF_Ch2_minus_Ch3.npy,Mouse13_Cable1_CTRL_2026-02-19_11-46-09_DIFF_Ch2_minus_Ch3.eeg,/Users/amanlizahra/Desktop/thesis_lfp_analysis/outputs/03a_differential_eeg_for_spike2_filtered_Cable1/Mouse13_Cable1_CTRL_2026-02-19_11-46-09_DIFF_Ch2_minus_Ch3.eeg,0.7401753290310642,True,2,3,Ch2-Ch3,1824.1144,30.401906666666665,/Users/amanlizahra/Desktop/Cable1_CTRL/Mouse13_Cable1-2026-02-19_11-46-09.eeg,/Users/amanlizahra/Desktop/thesis_lfp_analysis/outputs/03a_differential_npy_filtered_Cable1/Mouse13_Cable1_CTRL_2026-02-19_11-46-09_DIFF_Ch2_minus_Ch3.npy,2026-02-19,baseline,,,30.5,baseline,False,D
13,CTRL,Cable1,Mouse13_Cable1-2026-03-04_12-19-35.eeg,Mouse13_Cable1_CTRL_2026-03-04_12-19-35_DIFF_Ch2_minus_Ch3,Mouse13_Cable1_CTRL_2026-03-04_12-19-35_DIFF_Ch2_minus_Ch3.npy,/Users/amanlizahra/Desktop/thesis_lfp_analysis/outputs/03a_differential_npy_filtered_Cable1/Mouse13_Cable1_CTRL_2026-03-04_12-19-35_DIFF_Ch2_minus_Ch3.npy,Mouse13_Cable1_CTRL_2026-03-04_12-19-35_DIFF_Ch2_minus_Ch3.eeg,/Users/amanlizahra/Desktop/thesis_lfp_analysis/outputs/03a_differential_eeg_for_spike2_filtered_Cable1/Mouse13_Cable1_CTRL_2026-03-04_12-19-35_DIFF_Ch2_minus_Ch3.eeg,0.6663473752160423,True,2,3,Ch2-Ch3,1817.5408,30.292346666666667,/Users/amanlizahra/Desktop/Cable1_CTRL/Mouse13_Cable1-2026-03-04_12-19-35.eeg,/Users/amanlizahra/Desktop/thesis_lfp_analysis/outputs/03a_differential_npy_filtered_Cable1/Mouse13_Cable1_CTRL_2026-03-04_12-19-35_DIFF_Ch2_minus_Ch3.npy,2026-03-04,diet,9.0,,28.37,interpolated,False,B
13,CTRL,Cable1,Mouse13_Cable1-2026-03-09_12-34-46.eeg,Mouse13_Cable1_CTRL_2026-03-09_12-34-46_DIFF_Ch2_minus_Ch3,Mouse13_Cable1_CTRL_2026-03-09_12-34-46_DIFF_Ch2_minus_Ch3.npy,/Users/amanlizahra/Desktop/thesis_lfp_analysis/outputs/03a_differential_npy_filtered_Cable1/Mouse13_Cable1_CTRL_2026-03-09_12-34-46_DIFF_Ch2_minus_Ch3.npy,Mouse13_Cable1_CTRL_2026-03-09_12-34-46_DIFF_Ch2_minus_Ch3.eeg,/Users/amanlizahra/Desktop/thesis_lfp_analysis/outputs/03a_differential_eeg_for_spike2_filtered_Cable1/Mouse13_Cable1_CTRL_2026-03-09_12-34-46_DIFF_Ch2_minus_Ch3.eeg,1.0,False,2,3,Ch2-Ch3,1802.16,30.036,/Users/amanlizahra/Desktop/Cable1_CTRL/Mouse13_Cable1-2026-03-09_12-34-46.eeg,/Users/amanlizahra/Desktop/thesis_lfp_analysis/outputs/03a_differential_npy_filtered_Cable1/Mouse13_Cable1_CTRL_2026-03-09_12-34-46_DIFF_Ch2_minus_Ch3.npy,2026-03-09,diet,14.0,,27.4,measured,False,A
13,CTRL,Cable1,Mouse13_Cable1-2026-03-14_12-26-46.eeg,Mouse13_Cable1_CTRL_2026-03-14_12-26-46_DIFF_Ch2_minus_Ch3,Mouse13_Cable1_CTRL_2026-03-14_12-26-46_DIFF_Ch2_minus_Ch3.npy,/Users/amanlizahra/Desktop/thesis_lfp_analysis/outputs/03a_differential_npy_filtered_Cable1/Mouse13_Cable1_CTRL_2026-03-14_12-26-46_DIFF_Ch2_minus_Ch3.npy,Mouse13_Cable1_CTRL_2026-03-14_12-26-46_DIFF_Ch2_minus_Ch3.eeg,/Users/amanlizahra/Desktop/thesis_lfp_analysis/outputs/03a_differential_eeg_for_spike2_filtered_Cable1/Mouse13_Cable1_CTRL_2026-03-14_12-26-46_DIFF_Ch2_minus_Ch3.eeg,1.0,False,2,3,Ch2-Ch3,1804.5816,30.07636,/Users/amanlizahra/Desktop/Cable1_CTRL/Mouse13_Cable1-2026-03-14_12-26-46.eeg,/Users/amanlizahra/Desktop/thesis_lfp_analysis/outputs/03a_differential_npy_filtered_Cable1/Mouse13_Cable1_CTRL_2026-03-14_12-26-46_DIFF_Ch2_minus_Ch3.npy,2026-03-14,diet,19.0,,28.2,interpolated,False,D
13,CTRL,Cable1,Mouse13_Cable1-2026-03-17_11-45-07.eeg,Mouse13_Cable1_CTRL_2026-03-17_11-45-07_DIFF_Ch2_minus_Ch3,Mouse13_Cable1_CTRL_2026-03-17_11-45-07_DIFF_Ch2_minus_Ch3.npy,/Users/amanlizahra/Desktop/thesis_lfp_analysis/outputs/03a_differential_npy_filtered_Cable1/Mouse13_Cable1_CTRL_2026-03-17_11-45-07_DIFF_Ch2_minus_Ch3.npy,Mouse13_Cable1_CTRL_2026-03-17_11-45-07_DIFF_Ch2_minus_Ch3.eeg,/Users/amanlizahra/Desktop/thesis_lfp_analysis/outputs/03a_differential_eeg_for_spike2_filtered_Cable1/Mouse13_Cable1_CTRL_2026-03-17_11-45-07_DIFF_Ch2_minus_Ch3.eeg,1.0,False,2,3,Ch2-Ch3,1804.7072,30.078453333333336,/Users/amanlizahra/Desktop/Cable1_CTRL/Mouse13_Cable1-2026-03-17_11-45-07.eeg,/Users/amanlizahra/Desktop/thesis_lfp_analysis/outputs/03a_differential_npy_filtered_Cable1/Mouse13_Cable1_CTRL_2026-03-17_11-45-07_DIFF_Ch2_minus_Ch3.npy,2026-03-17,diet,22.0,,28.07,interpolated,False,A
13,CTRL,Cable1,Mouse13_Cable1-2026-03-27_11-54-52.eeg,Mouse13_Cable1_CTRL_2026-03-27_11-54-52_DIFF_Ch2_minus_Ch3,Mouse13_Cable1_CTRL_2026-03-27_11-54-52_DIFF_Ch2_minus_Ch3.npy,/Users/amanlizahra/Desktop/thesis_lfp_analysis/outputs/03a_differential_npy_filtered_Cable1/Mouse13_Cable1_CTRL_2026-03-27_11-54-52_DIFF_Ch2_minus_Ch3.npy,Mouse13_Cable1_CTRL_2026-03-27_11-54-52_DIFF_Ch2_minus_Ch3.eeg,/Users/amanlizahra/Desktop/thesis_lfp_analysis/outputs/03a_differential_eeg_for_spike2_filtered_Cable1/Mouse13_Cable1_CTRL_2026-03-27_11-54-52_DIFF_Ch2_minus_Ch3.eeg,0.9539424653450589,True,2,3,Ch2-Ch3,1811.2184,30.186973333333334,/Users/amanlizahra/Desktop/Cable1_CTRL/Mouse13_Cable1-2026-03-27_11-54-52.eeg,/Users/amanlizahra/Desktop/thesis_lfp_analysis/outputs/03a_differential_npy_filtered_Cable1/Mouse13_Cable1_CTRL_2026-03-27_11-54-52_DIFF_Ch2_minus_Ch3.npy,2026-03-27,diet,32.0,,26.9,interpolated,False,C
13,CTRL,Cable1,Mouse13_Cable1-2026-04-01_12-05-44.eeg,Mouse13_Cable1_CTRL_2026-04-01_12-05-44_DIFF_Ch2_minus_Ch3,Mouse13_Cable1_CTRL_2026-04-01_12-05-44_DIFF_Ch2_minus_Ch3.npy,/Users/amanlizahra/Desktop/thesis_lfp_analysis/outputs/03a_differential_npy_filtered_Cable1/Mouse13_Cable1_CTRL_2026-04-01_12-05-44_DIFF_Ch2_minus_Ch3.npy,Mouse13_Cable1_CTRL_2026-04-01_12-05-44_DIFF_Ch2_minus_Ch3.eeg,/Users/amanlizahra/Desktop/thesis_lfp_analysis/outputs/03a_differential_eeg_for_spike2_filtered_Cable1/Mouse13_Cable1_CTRL_2026-04-01_12-05-44_DIFF_Ch2_minus_Ch3.eeg,0.9844639286263652,True,2,3,Ch2-Ch3,1211.4632,20.191053333333333,/Users/amanlizahra/Desktop/Cable1_CTRL/Mouse13_Cable1-2026-04-01_12-05-44.eeg,/Users/amanlizahra/Desktop/thesis_lfp_analysis/outputs/03a_differential_npy_filtered_Cable1/Mouse13_Cable1_CTRL_2026-04-01_12-05-44_DIFF_Ch2_minus_Ch3.npy,2026-04-01,recovery,,2.0,28.17,interpolated,False,B
13,CTRL,Cable1,Mouse13_Cable1_2026-03-30_11-38-49.eeg,Mouse13_Cable1_CTRL_2026-03-30_11-38-49_DIFF_Ch2_minus_Ch3,Mouse13_Cable1_CTRL_2026-03-30_11-38-49_DIFF_Ch2_minus_Ch3.npy,/Users/amanlizahra/Desktop/thesis_lfp_analysis/outputs/03a_differential_npy_filtered_Cable1/Mouse13_Cable1_CTRL_2026-03-30_11-38-49_DIFF_Ch2_minus_Ch3.npy,Mouse13_Cable1_CTRL_2026-03-30_11-38-49_DIFF_Ch2_minus_Ch3.eeg,/Users/amanlizahra/Desktop/thesis_lfp_analysis/outputs/03a_differential_eeg_for_spike2_filtered_Cable1/Mouse13_Cable1_CTRL_2026-03-30_11-38-49_DIFF_Ch2_minus_Ch3.eeg,1.0,False,2,3,Ch2-Ch3,1214.2624,20.237706666666668,/Users/amanlizahra/Desktop/Cable1_CTRL/Mouse13_Cable1_2026-03-30_11-38-49.eeg,/Users/amanlizahra/Desktop/thesis_lfp_analysis/outputs/03a_differential_npy_filtered_Cable1/Mouse13_Cable1_CTRL_2026-03-30_11-38-49_DIFF_Ch2_minus_Ch3.npy,2026-03-30,diet,35.0,,26.9,measured,False,D
18,CTRL,Cable1,Mouse18_Cable1-2026-02-21_11-53-58.eeg,Mouse18_Cable1_CTRL_2026-02-21_11-53-58_DIFF_Ch3_minus_Ch4,Mouse18_Cable1_CTRL_2026-02-21_11-53-58_DIFF_Ch3_minus_Ch4.npy,/Users/amanlizahra/Desktop/thesis_lfp_analysis/outputs/03a_differential_npy_filtered_Cable1/Mouse18_Cable1_CTRL_2026-02-21_11-53-58_DIFF_Ch3_minus_Ch4.npy,Mouse18_Cable1_CTRL_2026-02-21_11-53-58_DIFF_Ch3_minus_Ch4.eeg,/Users/amanlizahra/Desktop/thesis_lfp_analysis/outputs/03a_differential_eeg_for_spike2_filtered_Cable1/Mouse18_Cable1_CTRL_2026-02-21_11-53-58_DIFF_Ch3_minus_Ch4.eeg,1.0,False,3,4,Ch3-Ch4,1879.4096,31.32349333333333,/Users/amanlizahra/Desktop/Cable1_CTRL/Mouse18_Cable1-2026-02-21_11-53-58.eeg,/Users/amanlizahra/Desktop/thesis_lfp_analysis/outputs/03a_differential_npy_filtered_Cable1/Mouse18_Cable1_CTRL_2026-02-21_11-53-58_DIFF_Ch3_minus_Ch4.npy,2026-02-21,baseline,,,35.3,baseline,False,B
18,CTRL,Cable1,Mouse18_Cable1-2026-03-06_12-29-54.eeg,Mouse18_Cable1_CTRL_2026-03-06_12-29-54_DIFF_Ch3_minus_Ch4,Mouse18_Cable1_CTRL_2026-03-06_12-29-54_DIFF_Ch3_minus_Ch4.npy,/Users/amanlizahra/Desktop/thesis_lfp_analysis/outputs/03a_differential_npy_filtered_Cable1/Mouse18_Cable1_CTRL_2026-03-06_12-29-54_DIFF_Ch3_minus_Ch4.npy,Mouse18_Cable1_CTRL_2026-03-06_12-29-54_DIFF_Ch3_minus_Ch4.eeg,/Users/amanlizahra/Desktop/thesis_lfp_analysis/outputs/03a_differential_eeg_for_spike2_filtered_Cable1/Mouse18_Cable1_CTRL_2026-03-06_12-29-54_DIFF_Ch3_minus_Ch4.eeg,0.8763761844771868,True,3,4,Ch3-Ch4,1849.356,30.8226,/Users/amanlizahra/Desktop/Cable1_CTRL/Mouse18_Cable1-2026-03-06_12-29-54.eeg,/Users/amanlizahra/Desktop/thesis_lfp_analysis/outputs/03a_differential_npy_filtered_Cable1/Mouse18_Cable1_CTRL_2026-03-06_12-29-54_DIFF_Ch3_minus_Ch4.npy,2026-03-06,diet,11.0,,32.83,interpolated,False,D
18,CTRL,Cable1,Mouse18_Cable1-2026-03-11_12-32-08.eeg,Mouse18_Cable1_CTRL_2026-03-11_12-32-08_DIFF_Ch3_minus_Ch4,Mouse18_Cable1_CTRL_2026-03-11_12-32-08_DIFF_Ch3_minus_Ch4.npy,/Users/amanlizahra/Desktop/thesis_lfp_analysis/outputs/03a_differential_npy_filtered_Cable1/Mouse18_Cable1_CTRL_2026-03-11_12-32-08_DIFF_Ch3_minus_Ch4.npy,Mouse18_Cable1_CTRL_2026-03-11_12-32-08_DIFF_Ch3_minus_Ch4.eeg,/Users/amanlizahra/Desktop/thesis_lfp_analysis/outputs/03a_differential_eeg_for_spike2_filtered_Cable1/Mouse18_Cable1_CTRL_2026-03-11_12-32-08_DIFF_Ch3_minus_Ch4.eeg,0.990681403052537,True,3,4,Ch3-Ch4,1808.4344,30.140573333333336,/Users/amanlizahra/Desktop/Cable1_CTRL/Mouse18_Cable1-2026-03-11_12-32-08.eeg,/Users/amanlizahra/Desktop/thesis_lfp_analysis/outputs/03a_differential_npy_filtered_Cable1/Mouse18_Cable1_CTRL_2026-03-11_12-32-08_DIFF_Ch3_minus_Ch4.npy,2026-03-11,diet,16.0,,31.3,interpolated,False,D
18,CTRL,Cable1,Mouse18_Cable1-2026-03-19_17-37-41.eeg,Mouse18_Cable1_CTRL_2026-03-19_17-37-41_DIFF_Ch3_minus_Ch4,Mouse18_Cable1_CTRL_2026-03-19_17-37-41_DIFF_Ch3_minus_Ch4.npy,/Users/amanlizahra/Desktop/thesis_lfp_analysis/outputs/03a_differential_npy_filtered_Cable1/Mouse18_Cable1_CTRL_2026-03-19_17-37-41_DIFF_Ch3_minus_Ch4.npy,Mouse18_Cable1_CTRL_2026-03-19_17-37-41_DIFF_Ch3_minus_Ch4.eeg,/Users/amanlizahra/Desktop/thesis_lfp_analysis/outputs/03a_differential_eeg_for_spike2_filtered_Cable1/Mouse18_Cable1_CTRL_2026-03-19_17-37-41_DIFF_Ch3_minus_Ch4.eeg,1.0,False,3,4,Ch3-Ch4,1826.3944,30.439906666666666,/Users/amanlizahra/Desktop/Cable1_CTRL/Mouse18_Cable1-2026-03-19_17-37-41.eeg,/Users/amanlizahra/Desktop/thesis_lfp_analysis/outputs/03a_differential_npy_filtered_Cable1/Mouse18_Cable1_CTRL_2026-03-19_17-37-41_DIFF_Ch3_minus_Ch4.npy,2026-03-19,diet,24.0,,29.8,measured,False,C
18,CTRL,Cable1,Mouse18_Cable1-2026-03-24_13-50-15.eeg,Mouse18_Cable1_CTRL_2026-03-24_13-50-15_DIFF_Ch3_minus_Ch4,Mouse18_Cable1_CTRL_2026-03-24_13-50-15_DIFF_Ch3_minus_Ch4.npy,/Users/amanlizahra/Desktop/thesis_lfp_analysis/outputs/03a_differential_npy_filtered_Cable1/Mouse18_Cable1_CTRL_2026-03-24_13-50-15_DIFF_Ch3_minus_Ch4.npy,Mouse18_Cable1_CTRL_2026-03-24_13-50-15_DIFF_Ch3_minus_Ch4.eeg,/Users/amanlizahra/Desktop/thesis_lfp_analysis/outputs/03a_differential_eeg_for_spike2_filtered_Cable1/Mouse18_Cable1_CTRL_2026-03-24_13-50-15_DIFF_Ch3_minus_Ch4.eeg,1.0,False,3,4,Ch3-Ch4,1789.9712,29.832853333333333,/Users/amanlizahra/Desktop/Cable1_CTRL/Mouse18_Cable1-2026-03-24_13-50-15.eeg,/Users/amanlizahra/Desktop/thesis_lfp_analysis/outputs/03a_differential_npy_filtered_Cable1/Mouse18_Cable1_CTRL_2026-03-24_13-50-15_DIFF_Ch3_minus_Ch4.npy,2026-03-24,diet,29.0,,30.37,interpolated,False,D
18,CTRL,Cable1,Mouse18_Cable1-2026-04-01_12-28-44.eeg,Mouse18_Cable1_CTRL_2026-04-01_12-28-44_DIFF_Ch3_minus_Ch4,Mouse18_Cable1_CTRL_2026-04-01_12-28-44_DIFF_Ch3_minus_Ch4.npy,/Users/amanlizahra/Desktop/thesis_lfp_analysis/outputs/03a_differential_npy_filtered_Cable1/Mouse18_Cable1_CTRL_2026-04-01_12-28-44_DIFF_Ch3_minus_Ch4.npy,Mouse18_Cable1_CTRL_2026-04-01_12-28-44_DIFF_Ch3_minus_Ch4.eeg,/Users/amanlizahra/Desktop/thesis_lfp_analysis/outputs/03a_differential_eeg_for_spike2_filtered_Cable1/Mouse18_Cable1_CTRL_2026-04-01_12-28-44_DIFF_Ch3_minus_Ch4.eeg,0.7167174341515857,True,3,4,Ch3-Ch4,1213.696,20.228266666666666,/Users/amanlizahra/Desktop/Cable1_CTRL/Mouse18_Cable1-2026-04-01_12-28-44.eeg,/Users/amanlizahra/Desktop/thesis_lfp_analysis/outputs/03a_differential_npy_filtered_Cable1/Mouse18_Cable1_CTRL_2026-04-01_12-28-44_DIFF_Ch3_minus_Ch4.npy,2026-04-01,recovery,,2.0,30.43,interpolated,False,C
18,CTRL,Cable1,Mouse18_Cable1_2026-03-30_12-01-38.eeg,Mouse18_Cable1_CTRL_2026-03-30_12-01-38_DIFF_Ch3_minus_Ch4,Mouse18_Cable1_CTRL_2026-03-30_12-01-38_DIFF_Ch3_minus_Ch4.npy,/Users/amanlizahra/Desktop/thesis_lfp_analysis/outputs/03a_differential_npy_filtered_Cable1/Mouse18_Cable1_CTRL_2026-03-30_12-01-38_DIFF_Ch3_minus_Ch4.npy,Mouse18_Cable1_CTRL_2026-03-30_12-01-38_DIFF_Ch3_minus_Ch4.eeg,/Users/amanlizahra/Desktop/thesis_lfp_analysis/outputs/03a_differential_eeg_for_spike2_filtered_Cable1/Mouse18_Cable1_CTRL_2026-03-30_12-01-38_DIFF_Ch3_minus_Ch4.eeg,1.0,False,3,4,Ch3-Ch4,1241.4384,20.69064,/Users/amanlizahra/Desktop/Cable1_CTRL/Mouse18_Cable1_2026-03-30_12-01-38.eeg,/Users/amanlizahra/Desktop/thesis_lfp_analysis/outputs/03a_differential_npy_filtered_Cable1/Mouse18_Cable1_CTRL_2026-03-30_12-01-38_DIFF_Ch3_minus_Ch4.npy,2026-03-30,diet,35.0,,30.1,measured,False,A
19,CTRL,Cable1,Mouse19_Cable1-2026-02-21_13-53-25.eeg,Mouse19_Cable1_CTRL_2026-02-21_13-53-25_DIFF_Ch3_minus_Ch4,Mouse19_Cable1_CTRL_2026-02-21_13-53-25_DIFF_Ch3_minus_Ch4.npy,/Users/amanlizahra/Desktop/thesis_lfp_analysis/outputs/03a_differential_npy_filtered_Cable1/Mouse19_Cable1_CTRL_2026-02-21_13-53-25_DIFF_Ch3_minus_Ch4.npy,Mouse19_Cable1_CTRL_2026-02-21_13-53-25_DIFF_Ch3_minus_Ch4.eeg,/Users/amanlizahra/Desktop/thesis_lfp_analysis/outputs/03a_differential_eeg_for_spike2_filtered_Cable1/Mouse19_Cable1_CTRL_2026-02-21_13-53-25_DIFF_Ch3_minus_Ch4.eeg,1.0,False,3,4,Ch3-Ch4,1806.8304,30.11384,/Users/amanlizahra/Desktop/Cable1_CTRL/Mouse19_Cable1-2026-02-21_13-53-25.eeg,/Users/amanlizahra/Desktop/thesis_lfp_analysis/outputs/03a_differential_npy_filtered_Cable1/Mouse19_Cable1_CTRL_2026-02-21_13-53-25_DIFF_Ch3_minus_Ch4.npy,2026-02-21,baseline,,,29.1,baseline,False,A
19,CTRL,Cable1,Mouse19_Cable1-2026-03-04_12-59-01.eeg,Mouse19_Cable1_CTRL_2026-03-04_12-59-01_DIFF_Ch3_minus_Ch4,Mouse19_Cable1_CTRL_2026-03-04_12-59-01_DIFF_Ch3_minus_Ch4.npy,/Users/amanlizahra/Desktop/thesis_lfp_analysis/outputs/03a_differential_npy_filtered_Cable1/Mouse19_Cable1_CTRL_2026-03-04_12-59-01_DIFF_Ch3_minus_Ch4.npy,Mouse19_Cable1_CTRL_2026-03-04_12-59-01_DIFF_Ch3_minus_Ch4.eeg,/Users/amanlizahra/Desktop/thesis_lfp_analysis/outputs/03a_differential_eeg_for_spike2_filtered_Cable1/Mouse19_Cable1_CTRL_2026-03-04_12-59-01_DIFF_Ch3_minus_Ch4.eeg,0.8508827908955542,True,3,4,Ch3-Ch4,1816.3456,30.272426666666668,/Users/amanlizahra/Desktop/Cable1_CTRL/Mouse19_Cable1-2026-03-04_12-59-01.eeg,/Users/amanlizahra/Desktop/thesis_lfp_analysis/outputs/03a_differential_npy_filtered_Cable1/Mouse19_Cable1_CTRL_2026-03-04_12-59-01_DIFF_Ch3_minus_Ch4.npy,2026-03-04,diet,9.0,,29.37,interpolated,False,B
19,CTRL,Cable1,Mouse19_Cable1-2026-03-09_13-11-23.eeg,Mouse19_Cable1_CTRL_2026-03-09_13-11-23_DIFF_Ch3_minus_Ch4,Mouse19_Cable1_CTRL_2026-03-09_13-11-23_DIFF_Ch3_minus_Ch4.npy,/Users/amanlizahra/Desktop/thesis_lfp_analysis/outputs/03a_differential_npy_filtered_Cable1/Mouse19_Cable1_CTRL_2026-03-09_13-11-23_DIFF_Ch3_minus_Ch4.npy,Mouse19_Cable1_CTRL_2026-03-09_13-11-23_DIFF_Ch3_minus_Ch4.eeg,/Users/amanlizahra/Desktop/thesis_lfp_analysis/outputs/03a_differential_eeg_for_spike2_filtered_Cable1/Mouse19_Cable1_CTRL_2026-03-09_13-11-23_DIFF_Ch3_minus_Ch4.eeg,1.0,False,3,4,Ch3-Ch4,1804.456,30.074266666666666,/Users/amanlizahra/Desktop/Cable1_CTRL/Mouse19_Cable1-2026-03-09_13-11-23.eeg,/Users/amanlizahra/Desktop/thesis_lfp_analysis/outputs/03a_differential_npy_filtered_Cable1/Mouse19_Cable1_CTRL_2026-03-09_13-11-23_DIFF_Ch3_minus_Ch4.npy,2026-03-09,diet,14.0,,29.7,measured,False,B
19,CTRL,Cable1,Mouse19_Cable1-2026-03-14_13-02-22.eeg,Mouse19_Cable1_CTRL_2026-03-14_13-02-22_DIFF_Ch3_minus_Ch4,Mouse19_Cable1_CTRL_2026-03-14_13-02-22_DIFF_Ch3_minus_Ch4.npy,/Users/amanlizahra/Desktop/thesis_lfp_analysis/outputs/03a_differential_npy_filtered_Cable1/Mouse19_Cable1_CTRL_2026-03-14_13-02-22_DIFF_Ch3_minus_Ch4.npy,Mouse19_Cable1_CTRL_2026-03-14_13-02-22_DIFF_Ch3_minus_Ch4.eeg,/Users/amanlizahra/Desktop/thesis_lfp_analysis/outputs/03a_differential_eeg_for_spike2_filtered_Cable1/Mouse19_Cable1_CTRL_2026-03-14_13-02-22_DIFF_Ch3_minus_Ch4.eeg,1.0,False,3,4,Ch3-Ch4,1802.584,30.043066666666668,/Users/amanlizahra/Desktop/Cable1_CTRL/Mouse19_Cable1-2026-03-14_13-02-22.eeg,/Users/amanlizahra/Desktop/thesis_lfp_analysis/outputs/03a_differential_npy_filtered_Cable1/Mouse19_Cable1_CTRL_2026-03-14_13-02-22_DIFF_Ch3_minus_Ch4.npy,2026-03-14,diet,19.0,,29.15,interpolated,False,D
19,CTRL,Cable1,Mouse19_Cable1-2026-03-19_19-00-58.eeg,Mouse19_Cable1_CTRL_2026-03-19_19-00-58_DIFF_Ch3_minus_Ch4,Mouse19_Cable1_CTRL_2026-03-19_19-00-58_DIFF_Ch3_minus_Ch4.npy,/Users/amanlizahra/Desktop/thesis_lfp_analysis/outputs/03a_differential_npy_filtered_Cable1/Mouse19_Cable1_CTRL_2026-03-19_19-00-58_DIFF_Ch3_minus_Ch4.npy,Mouse19_Cable1_CTRL_2026-03-19_19-00-58_DIFF_Ch3_minus_Ch4.eeg,/Users/amanlizahra/Desktop/thesis_lfp_analysis/outputs/03a_differential_eeg_for_spike2_filtered_Cable1/Mouse19_Cable1_CTRL_2026-03-19_19-00-58_DIFF_Ch3_minus_Ch4.eeg,1.0,False,3,4,Ch3-Ch4,1883.0736,31.38456,/Users/amanlizahra/Desktop/Cable1_CTRL/Mouse19_Cable1-2026-03-19_19-00-58.eeg,/Users/amanlizahra/Desktop/thesis_lfp_analysis/outputs/03a_differential_npy_filtered_Cable1/Mouse19_Cable1_CTRL_2026-03-19_19-00-58_DIFF_Ch3_minus_Ch4.npy,2026-03-19,diet,24.0,,28.5,measured,False,D
19,CTRL,Cable1,Mouse19_Cable1-2026-03-27_12-30-35.eeg,Mouse19_Cable1_CTRL_2026-03-27_12-30-35_DIFF_Ch3_minus_Ch4,Mouse19_Cable1_CTRL_2026-03-27_12-30-35_DIFF_Ch3_minus_Ch4.npy,/Users/amanlizahra/Desktop/thesis_lfp_analysis/outputs/03a_differential_npy_filtered_Cable1/Mouse19_Cable1_CTRL_2026-03-27_12-30-35_DIFF_Ch3_minus_Ch4.npy,Mouse19_Cable1_CTRL_2026-03-27_12-30-35_DIFF_Ch3_minus_Ch4.eeg,/Users/amanlizahra/Desktop/thesis_lfp_analysis/outputs/03a_differential_eeg_for_spike2_filtered_Cable1/Mouse19_Cable1_CTRL_2026-03-27_12-30-35_DIFF_Ch3_minus_Ch4.eeg,1.0,False,3,4,Ch3-Ch4,1818.6728,30.311213333333335,/Users/amanlizahra/Desktop/Cable1_CTRL/Mouse19_Cable1-2026-03-27_12-30-35.eeg,/Users/amanlizahra/Desktop/thesis_lfp_analysis/outputs/03a_differential_npy_filtered_Cable1/Mouse19_Cable1_CTRL_2026-03-27_12-30-35_DIFF_Ch3_minus_Ch4.npy,2026-03-27,diet,32.0,,29.03,interpolated,False,D
19,CTRL,Cable1,Mouse19_Cable1-2026-04-01_12-52-41.eeg,Mouse19_Cable1_CTRL_2026-04-01_12-52-41_DIFF_Ch3_minus_Ch4,Mouse19_Cable1_CTRL_2026-04-01_12-52-41_DIFF_Ch3_minus_Ch4.npy,/Users/amanlizahra/Desktop/thesis_lfp_analysis/outputs/03a_differential_npy_filtered_Cable1/Mouse19_Cable1_CTRL_2026-04-01_12-52-41_DIFF_Ch3_minus_Ch4.npy,Mouse19_Cable1_CTRL_2026-04-01_12-52-41_DIFF_Ch3_minus_Ch4.eeg,/Users/amanlizahra/Desktop/thesis_lfp_analysis/outputs/03a_differential_eeg_for_spike2_filtered_Cable1/Mouse19_Cable1_CTRL_2026-04-01_12-52-41_DIFF_Ch3_minus_Ch4.eeg,1.0,False,3,4,Ch3-Ch4,1234.7544,20.579240000000002,/Users/amanlizahra/Desktop/Cable1_CTRL/Mouse19_Cable1-2026-04-01_12-52-41.eeg,/Users/amanlizahra/Desktop/thesis_lfp_analysis/outputs/03a_differential_npy_filtered_Cable1/Mouse19_Cable1_CTRL_2026-04-01_12-52-41_DIFF_Ch3_minus_Ch4.npy,2026-04-01,recovery,,2.0,29.27,interpolated,False,D
19,CTRL,Cable1,Mouse19_Cable1_2026-03-30_12-31-14.eeg,Mouse19_Cable1_CTRL_2026-03-30_12-31-14_DIFF_Ch3_minus_Ch4,Mouse19_Cable1_CTRL_2026-03-30_12-31-14_DIFF_Ch3_minus_Ch4.npy,/Users/amanlizahra/Desktop/thesis_lfp_analysis/outputs/03a_differential_npy_filtered_Cable1/Mouse19_Cable1_CTRL_2026-03-30_12-31-14_DIFF_Ch3_minus_Ch4.npy,Mouse19_Cable1_CTRL_2026-03-30_12-31-14_DIFF_Ch3_minus_Ch4.eeg,/Users/amanlizahra/Desktop/thesis_lfp_analysis/outputs/03a_differential_eeg_for_spike2_filtered_Cable1/Mouse19_Cable1_CTRL_2026-03-30_12-31-14_DIFF_Ch3_minus_Ch4.eeg,1.0,False,3,4,Ch3-Ch4,1211.2744,20.187906666666667,/Users/amanlizahra/Desktop/Cable1_CTRL/Mouse19_Cable1_2026-03-30_12-31-14.eeg,/Users/amanlizahra/Desktop/thesis_lfp_analysis/outputs/03a_differential_npy_filtered_Cable1/Mouse19_Cable1_CTRL_2026-03-30_12-31-14_DIFF_Ch3_minus_Ch4.npy,2026-03-30,diet,35.0,,28.8,measured,False,B
24,CTRL,Cable1,Mouse24_Cable1-2026-03-06_13-06-06.eeg,Mouse24_Cable1_CTRL_2026-03-06_13-06-06_DIFF_Ch2_minus_Ch3,Mouse24_Cable1_CTRL_2026-03-06_13-06-06_DIFF_Ch2_minus_Ch3.npy,/Users/amanlizahra/Desktop/thesis_lfp_analysis/outputs/03a_differential_npy_filtered_Cable1/Mouse24_Cable1_CTRL_2026-03-06_13-06-06_DIFF_Ch2_minus_Ch3.npy,Mouse24_Cable1_CTRL_2026-03-06_13-06-06_DIFF_Ch2_minus_Ch3.eeg,/Users/amanlizahra/Desktop/thesis_lfp_analysis/outputs/03a_differential_eeg_for_spike2_filtered_Cable1/Mouse24_Cable1_CTRL_2026-03-06_13-06-06_DIFF_Ch2_minus_Ch3.eeg,1.0,False,2,3,Ch2-Ch3,1804.5816,30.07636,/Users/amanlizahra/Desktop/Cable1_CTRL/Mouse24_Cable1-2026-03-06_13-06-06.eeg,/Users/amanlizahra/Desktop/thesis_lfp_analysis/outputs/03a_differential_npy_filtered_Cable1/Mouse24_Cable1_CTRL_2026-03-06_13-06-06_DIFF_Ch2_minus_Ch3.npy,2026-03-06,diet,11.0,,27.02,interpolated,False,B
24,CTRL,Cable1,Mouse24_Cable1-2026-03-11_13-10-18.eeg,Mouse24_Cable1_CTRL_2026-03-11_13-10-18_DIFF_Ch2_minus_Ch3,Mouse24_Cable1_CTRL_2026-03-11_13-10-18_DIFF_Ch2_minus_Ch3.npy,/Users/amanlizahra/Desktop/thesis_lfp_analysis/outputs/03a_differential_npy_filtered_Cable1/Mouse24_Cable1_CTRL_2026-03-11_13-10-18_DIFF_Ch2_minus_Ch3.npy,Mouse24_Cable1_CTRL_2026-03-11_13-10-18_DIFF_Ch2_minus_Ch3.eeg,/Users/amanlizahra/Desktop/thesis_lfp_analysis/outputs/03a_differential_eeg_for_spike2_filtered_Cable1/Mouse24_Cable1_CTRL_2026-03-11_13-10-18_DIFF_Ch2_minus_Ch3.eeg,1.0,False,2,3,Ch2-Ch3,1803.7328,30.062213333333332,/Users/amanlizahra/Desktop/Cable1_CTRL/Mouse24_Cable1-2026-03-11_13-10-18.eeg,/Users/amanlizahra/Desktop/thesis_lfp_analysis/outputs/03a_differential_npy_filtered_Cable1/Mouse24_Cable1_CTRL_2026-03-11_13-10-18_DIFF_Ch2_minus_Ch3.npy,2026-03-11,diet,16.0,,26.93,interpolated,False,C
24,CTRL,Cable1,Mouse24_Cable1-2026-03-17_12-19-55.eeg,Mouse24_Cable1_CTRL_2026-03-17_12-19-55_DIFF_Ch2_minus_Ch3,Mouse24_Cable1_CTRL_2026-03-17_12-19-55_DIFF_Ch2_minus_Ch3.npy,/Users/amanlizahra/Desktop/thesis_lfp_analysis/outputs/03a_differential_npy_filtered_Cable1/Mouse24_Cable1_CTRL_2026-03-17_12-19-55_DIFF_Ch2_minus_Ch3.npy,Mouse24_Cable1_CTRL_2026-03-17_12-19-55_DIFF_Ch2_minus_Ch3.eeg,/Users/amanlizahra/Desktop/thesis_lfp_analysis/outputs/03a_differential_eeg_for_spike2_filtered_Cable1/Mouse24_Cable1_CTRL_2026-03-17_12-19-55_DIFF_Ch2_minus_Ch3.eeg,1.0,False,2,3,Ch2-Ch3,1818.5472,30.30912,/Users/amanlizahra/Desktop/Cable1_CTRL/Mouse24_Cable1-2026-03-17_12-19-55.eeg,/Users/amanlizahra/Desktop/thesis_lfp_analysis/outputs/03a_differential_npy_filtered_Cable1/Mouse24_Cable1_CTRL_2026-03-17_12-19-55_DIFF_Ch2_minus_Ch3.npy,2026-03-17,diet,22.0,,26.57,interpolated,False,D
24,CTRL,Cable1,Mouse24_Cable1-2026-03-24_14-29-11.eeg,Mouse24_Cable1_CTRL_2026-03-24_14-29-11_DIFF_Ch2_minus_Ch3,Mouse24_Cable1_CTRL_2026-03-24_14-29-11_DIFF_Ch2_minus_Ch3.npy,/Users/amanlizahra/Desktop/thesis_lfp_analysis/outputs/03a_differential_npy_filtered_Cable1/Mouse24_Cable1_CTRL_2026-03-24_14-29-11_DIFF_Ch2_minus_Ch3.npy,Mouse24_Cable1_CTRL_2026-03-24_14-29-11_DIFF_Ch2_minus_Ch3.eeg,/Users/amanlizahra/Desktop/thesis_lfp_analysis/outputs/03a_differential_eeg_for_spike2_filtered_Cable1/Mouse24_Cable1_CTRL_2026-03-24_14-29-11_DIFF_Ch2_minus_Ch3.eeg,1.0,False,2,3,Ch2-Ch3,1809.0952,30.151586666666667,/Users/amanlizahra/Desktop/Cable1_CTRL/Mouse24_Cable1-2026-03-24_14-29-11.eeg,/Users/amanlizahra/Desktop/thesis_lfp_analysis/outputs/03a_differential_npy_filtered_Cable1/Mouse24_Cable1_CTRL_2026-03-24_14-29-11_DIFF_Ch2_minus_Ch3.npy,2026-03-24,diet,29.0,,25.8,interpolated,False,C
24,CTRL,Cable1,Mouse24_Cable1-2026-04-01_13-17-43.eeg,Mouse24_Cable1_CTRL_2026-04-01_13-17-43_DIFF_Ch2_minus_Ch3,Mouse24_Cable1_CTRL_2026-04-01_13-17-43_DIFF_Ch2_minus_Ch3.npy,/Users/amanlizahra/Desktop/thesis_lfp_analysis/outputs/03a_differential_npy_filtered_Cable1/Mouse24_Cable1_CTRL_2026-04-01_13-17-43_DIFF_Ch2_minus_Ch3.npy,Mouse24_Cable1_CTRL_2026-04-01_13-17-43_DIFF_Ch2_minus_Ch3.eeg,/Users/amanlizahra/Desktop/thesis_lfp_analysis/outputs/03a_differential_eeg_for_spike2_filtered_Cable1/Mouse24_Cable1_CTRL_2026-04-01_13-17-43_DIFF_Ch2_minus_Ch3.eeg,1.0,False,2,3,Ch2-Ch3,1220.2224,20.337040000000002,/Users/amanlizahra/Desktop/Cable1_CTRL/Mouse24_Cable1-2026-04-01_13-17-43.eeg,/Users/amanlizahra/Desktop/thesis_lfp_analysis/outputs/03a_differential_npy_filtered_Cable1/Mouse24_Cable1_CTRL_2026-04-01_13-17-43_DIFF_Ch2_minus_Ch3.npy,2026-04-01,recovery,,2.0,26.07,interpolated,False,C
24,CTRL,Cable1,Mouse24_Cable1_2026-03-30_12-54-24.eeg,Mouse24_Cable1_CTRL_2026-03-30_12-54-24_DIFF_Ch2_minus_Ch3,Mouse24_Cable1_CTRL_2026-03-30_12-54-24_DIFF_Ch2_minus_Ch3.npy,/Users/amanlizahra/Desktop/thesis_lfp_analysis/outputs/03a_differential_npy_filtered_Cable1/Mouse24_Cable1_CTRL_2026-03-30_12-54-24_DIFF_Ch2_minus_Ch3.npy,Mouse24_Cable1_CTRL_2026-03-30_12-54-24_DIFF_Ch2_minus_Ch3.eeg,/Users/amanlizahra/Desktop/thesis_lfp_analysis/outputs/03a_differential_eeg_for_spike2_filtered_Cable1/Mouse24_Cable1_CTRL_2026-03-30_12-54-24_DIFF_Ch2_minus_Ch3.eeg,1.0,False,2,3,Ch2-Ch3,1208.0504,20.134173333333333,/Users/amanlizahra/Desktop/Cable1_CTRL/Mouse24_Cable1_2026-03-30_12-54-24.eeg,/Users/amanlizahra/Desktop/thesis_lfp_analysis/outputs/03a_differential_npy_filtered_Cable1/Mouse24_Cable1_CTRL_2026-03-30_12-54-24_DIFF_Ch2_minus_Ch3.npy,2026-03-30,diet,35.0,,25.2,measured,False,D
26,CTRL,Cable1,Mouse26_Cable1-2026-02-21_14-36-19.eeg,Mouse26_Cable1_CTRL_2026-02-21_14-36-19_DIFF_Ch3_minus_Ch4,Mouse26_Cable1_CTRL_2026-02-21_14-36-19_DIFF_Ch3_minus_Ch4.npy,/Users/amanlizahra/Desktop/thesis_lfp_analysis/outputs/03a_differential_npy_filtered_Cable1/Mouse26_Cable1_CTRL_2026-02-21_14-36-19_DIFF_Ch3_minus_Ch4.npy,Mouse26_Cable1_CTRL_2026-02-21_14-36-19_DIFF_Ch3_minus_Ch4.eeg,/Users/amanlizahra/Desktop/thesis_lfp_analysis/outputs/03a_differential_eeg_for_spike2_filtered_Cable1/Mouse26_Cable1_CTRL_2026-02-21_14-36-19_DIFF_Ch3_minus_Ch4.eeg,1.0,False,3,4,Ch3-Ch4,1837.136,30.618933333333334,/Users/amanlizahra/Desktop/Cable1_CTRL/Mouse26_Cable1-2026-02-21_14-36-19.eeg,/Users/amanlizahra/Desktop/thesis_lfp_analysis/outputs/03a_differential_npy_filtered_Cable1/Mouse26_Cable1_CTRL_2026-02-21_14-36-19_DIFF_Ch3_minus_Ch4.npy,2026-02-21,baseline,,,33.0,baseline,False,A
26,CTRL,Cable1,Mouse26_Cable1-2026-03-04_13-38-17.eeg,Mouse26_Cable1_CTRL_2026-03-04_13-38-17_DIFF_Ch3_minus_Ch4,Mouse26_Cable1_CTRL_2026-03-04_13-38-17_DIFF_Ch3_minus_Ch4.npy,/Users/amanlizahra/Desktop/thesis_lfp_analysis/outputs/03a_differential_npy_filtered_Cable1/Mouse26_Cable1_CTRL_2026-03-04_13-38-17_DIFF_Ch3_minus_Ch4.npy,Mouse26_Cable1_CTRL_2026-03-04_13-38-17_DIFF_Ch3_minus_Ch4.eeg,/Users/amanlizahra/Desktop/thesis_lfp_analysis/outputs/03a_differential_eeg_for_spike2_filtered_Cable1/Mouse26_Cable1_CTRL_2026-03-04_13-38-17_DIFF_Ch3_minus_Ch4.eeg,0.9538571598903064,True,3,4,Ch3-Ch4,1806.8624,30.114373333333333,/Users/amanlizahra/Desktop/Cable1_CTRL/Mouse26_Cable1-2026-03-04_13-38-17.eeg,/Users/amanlizahra/Desktop/thesis_lfp_analysis/outputs/03a_differential_npy_filtered_Cable1/Mouse26_Cable1_CTRL_2026-03-04_13-38-17_DIFF_Ch3_minus_Ch4.npy,2026-03-04,diet,9.0,,34.33,interpolated,False,B
26,CTRL,Cable1,Mouse26_Cable1-2026-03-09_13-51-01.eeg,Mouse26_Cable1_CTRL_2026-03-09_13-51-01_DIFF_Ch3_minus_Ch4,Mouse26_Cable1_CTRL_2026-03-09_13-51-01_DIFF_Ch3_minus_Ch4.npy,/Users/amanlizahra/Desktop/thesis_lfp_analysis/outputs/03a_differential_npy_filtered_Cable1/Mouse26_Cable1_CTRL_2026-03-09_13-51-01_DIFF_Ch3_minus_Ch4.npy,Mouse26_Cable1_CTRL_2026-03-09_13-51-01_DIFF_Ch3_minus_Ch4.eeg,/Users/amanlizahra/Desktop/thesis_lfp_analysis/outputs/03a_differential_eeg_for_spike2_filtered_Cable1/Mouse26_Cable1_CTRL_2026-03-09_13-51-01_DIFF_Ch3_minus_Ch4.eeg,0.9475866153390583,True,3,4,Ch3-Ch4,1801.452,30.0242,/Users/amanlizahra/Desktop/Cable1_CTRL/Mouse26_Cable1-2026-03-09_13-51-01.eeg,/Users/amanlizahra/Desktop/thesis_lfp_analysis/outputs/03a_differential_npy_filtered_Cable1/Mouse26_Cable1_CTRL_2026-03-09_13-51-01_DIFF_Ch3_minus_Ch4.npy,2026-03-09,diet,14.0,,33.9,measured,False,A
26,CTRL,Cable1,Mouse26_Cable1-2026-03-14_13-38-05.eeg,Mouse26_Cable1_CTRL_2026-03-14_13-38-05_DIFF_Ch3_minus_Ch4,Mouse26_Cable1_CTRL_2026-03-14_13-38-05_DIFF_Ch3_minus_Ch4.npy,/Users/amanlizahra/Desktop/thesis_lfp_analysis/outputs/03a_differential_npy_filtered_Cable1/Mouse26_Cable1_CTRL_2026-03-14_13-38-05_DIFF_Ch3_minus_Ch4.npy,Mouse26_Cable1_CTRL_2026-03-14_13-38-05_DIFF_Ch3_minus_Ch4.eeg,/Users/amanlizahra/Desktop/thesis_lfp_analysis/outputs/03a_differential_eeg_for_spike2_filtered_Cable1/Mouse26_Cable1_CTRL_2026-03-14_13-38-05_DIFF_Ch3_minus_Ch4.eeg,0.9584281777884269,True,3,4,Ch3-Ch4,1801.8296,30.030493333333332,/Users/amanlizahra/Desktop/Cable1_CTRL/Mouse26_Cable1-2026-03-14_13-38-05.eeg,/Users/amanlizahra/Desktop/thesis_lfp_analysis/outputs/03a_differential_npy_filtered_Cable1/Mouse26_Cable1_CTRL_2026-03-14_13-38-05_DIFF_Ch3_minus_Ch4.npy,2026-03-14,diet,19.0,,34.0,interpolated,False,D
26,CTRL,Cable1,Mouse26_Cable1-2026-03-19_15-33-40.eeg,Mouse26_Cable1_CTRL_2026-03-19_15-33-40_DIFF_Ch3_minus_Ch4,Mouse26_Cable1_CTRL_2026-03-19_15-33-40_DIFF_Ch3_minus_Ch4.npy,/Users/amanlizahra/Desktop/thesis_lfp_analysis/outputs/03a_differential_npy_filtered_Cable1/Mouse26_Cable1_CTRL_2026-03-19_15-33-40_DIFF_Ch3_minus_Ch4.npy,Mouse26_Cable1_CTRL_2026-03-19_15-33-40_DIFF_Ch3_minus_Ch4.eeg,/Users/amanlizahra/Desktop/thesis_lfp_analysis/outputs/03a_differential_eeg_for_spike2_filtered_Cable1/Mouse26_Cable1_CTRL_2026-03-19_15-33-40_DIFF_Ch3_minus_Ch4.eeg,1.0,False,3,4,Ch3-Ch4,1737.3808,28.956346666666665,/Users/amanlizahra/Desktop/Cable1_CTRL/Mouse26_Cable1-2026-03-19_15-33-40.eeg,/Users/amanlizahra/Desktop/thesis_lfp_analysis/outputs/03a_differential_npy_filtered_Cable1/Mouse26_Cable1_CTRL_2026-03-19_15-33-40_DIFF_Ch3_minus_Ch4.npy,2026-03-19,diet,24.0,,32.3,measured,False,D
26,CTRL,Cable1,Mouse26_Cable1-2026-03-24_15-03-43.eeg,Mouse26_Cable1_CTRL_2026-03-24_15-03-43_DIFF_Ch3_minus_Ch4,Mouse26_Cable1_CTRL_2026-03-24_15-03-43_DIFF_Ch3_minus_Ch4.npy,/Users/amanlizahra/Desktop/thesis_lfp_analysis/outputs/03a_differential_npy_filtered_Cable1/Mouse26_Cable1_CTRL_2026-03-24_15-03-43_DIFF_Ch3_minus_Ch4.npy,Mouse26_Cable1_CTRL_2026-03-24_15-03-43_DIFF_Ch3_minus_Ch4.eeg,/Users/amanlizahra/Desktop/thesis_lfp_analysis/outputs/03a_differential_eeg_for_spike2_filtered_Cable1/Mouse26_Cable1_CTRL_2026-03-24_15-03-43_DIFF_Ch3_minus_Ch4.eeg,1.0,False,3,4,Ch3-Ch4,1798.1024,29.968373333333332,/Users/amanlizahra/Desktop/Cable1_CTRL/Mouse26_Cable1-2026-03-24_15-03-43.eeg,/Users/amanlizahra/Desktop/thesis_lfp_analysis/outputs/03a_differential_npy_filtered_Cable1/Mouse26_Cable1_CTRL_2026-03-24_15-03-43_DIFF_Ch3_minus_Ch4.npy,2026-03-24,diet,29.0,,31.93,interpolated,False,C
26,CTRL,Cable1,Mouse26_Cable1-2026-04-01_13-41-00.eeg,Mouse26_Cable1_CTRL_2026-04-01_13-41-00_DIFF_Ch3_minus_Ch4,Mouse26_Cable1_CTRL_2026-04-01_13-41-00_DIFF_Ch3_minus_Ch4.npy,/Users/amanlizahra/Desktop/thesis_lfp_analysis/outputs/03a_differential_npy_filtered_Cable1/Mouse26_Cable1_CTRL_2026-04-01_13-41-00_DIFF_Ch3_minus_Ch4.npy,Mouse26_Cable1_CTRL_2026-04-01_13-41-00_DIFF_Ch3_minus_Ch4.eeg,/Users/amanlizahra/Desktop/thesis_lfp_analysis/outputs/03a_differential_eeg_for_spike2_filtered_Cable1/Mouse26_Cable1_CTRL_2026-04-01_13-41-00_DIFF_Ch3_minus_Ch4.eeg,1.0,False,3,4,Ch3-Ch4,1217.6592,20.294320000000003,/Users/amanlizahra/Desktop/Cable1_CTRL/Mouse26_Cable1-2026-04-01_13-41-00.eeg,/Users/amanlizahra/Desktop/thesis_lfp_analysis/outputs/03a_differential_npy_filtered_Cable1/Mouse26_Cable1_CTRL_2026-04-01_13-41-00_DIFF_Ch3_minus_Ch4.npy,2026-04-01,recovery,,2.0,31.6,interpolated,False,A
26,CTRL,Cable1,Mouse26_Cable1_2026-03-30_13-16-59.eeg,Mouse26_Cable1_CTRL_2026-03-30_13-16-59_DIFF_Ch3_minus_Ch4,Mouse26_Cable1_CTRL_2026-03-30_13-16-59_DIFF_Ch3_minus_Ch4.npy,/Users/amanlizahra/Desktop/thesis_lfp_analysis/outputs/03a_differential_npy_filtered_Cable1/Mouse26_Cable1_CTRL_2026-03-30_13-16-59_DIFF_Ch3_minus_Ch4.npy,Mouse26_Cable1_CTRL_2026-03-30_13-16-59_DIFF_Ch3_minus_Ch4.eeg,/Users/amanlizahra/Desktop/thesis_lfp_analysis/outputs/03a_differential_eeg_for_spike2_filtered_Cable1/Mouse26_Cable1_CTRL_2026-03-30_13-16-59_DIFF_Ch3_minus_Ch4.eeg,1.0,False,3,4,Ch3-Ch4,1204.6688,20.07781333333333,/Users/amanlizahra/Desktop/Cable1_CTRL/Mouse26_Cable1_2026-03-30_13-16-59.eeg,/Users/amanlizahra/Desktop/thesis_lfp_analysis/outputs/03a_differential_npy_filtered_Cable1/Mouse26_Cable1_CTRL_2026-03-30_13-16-59_DIFF_Ch3_minus_Ch4.npy,2026-03-30,diet,35.0,,30.4,measured,False,D
1,HF,Cable1,Mouse1_Cable1-2026-02-21_12-36-13.eeg,Mouse1_Cable1_HF_2026-02-21_12-36-13_DIFF_Ch2_minus_Ch3,Mouse1_Cable1_HF_2026-02-21_12-36-13_DIFF_Ch2_minus_Ch3.npy,/Users/amanlizahra/Desktop/thesis_lfp_analysis/outputs/03a_differential_npy_filtered_Cable1/Mouse1_Cable1_HF_2026-02-21_12-36-13_DIFF_Ch2_minus_Ch3.npy,Mouse1_Cable1_HF_2026-02-21_12-36-13_DIFF_Ch2_minus_Ch3.eeg,/Users/amanlizahra/Desktop/thesis_lfp_analysis/outputs/03a_differential_eeg_for_spike2_filtered_Cable1/Mouse1_Cable1_HF_2026-02-21_12-36-13_DIFF_Ch2_minus_Ch3.eeg,1.0,False,2,3,Ch2-Ch3,1808.8752,30.14792,/Users/amanlizahra/Desktop/Cable1_HF/Mouse1_Cable1-2026-02-21_12-36-13.eeg,/Users/amanlizahra/Desktop/thesis_lfp_analysis/outputs/03a_differential_npy_filtered_Cable1/Mouse1_Cable1_HF_2026-02-21_12-36-13_DIFF_Ch2_minus_Ch3.npy,2026-02-21,baseline,,,31.4,baseline,False,A
1,HF,Cable1,Mouse1_Cable1-2026-03-03_12-16-25.eeg,Mouse1_Cable1_HF_2026-03-03_12-16-25_DIFF_Ch2_minus_Ch3,Mouse1_Cable1_HF_2026-03-03_12-16-25_DIFF_Ch2_minus_Ch3.npy,/Users/amanlizahra/Desktop/thesis_lfp_analysis/outputs/03a_differential_npy_filtered_Cable1/Mouse1_Cable1_HF_2026-03-03_12-16-25_DIFF_Ch2_minus_Ch3.npy,Mouse1_Cable1_HF_2026-03-03_12-16-25_DIFF_Ch2_minus_Ch3.eeg,/Users/amanlizahra/Desktop/thesis_lfp_analysis/outputs/03a_differential_eeg_for_spike2_filtered_Cable1/Mouse1_Cable1_HF_2026-03-03_12-16-25_DIFF_Ch2_minus_Ch3.eeg,1.0,False,2,3,Ch2-Ch3,1810.196,30.169933333333333,/Users/amanlizahra/Desktop/Cable1_HF/Mouse1_Cable1-2026-03-03_12-16-25.eeg,/Users/amanlizahra/Desktop/thesis_lfp_analysis/outputs/03a_differential_npy_filtered_Cable1/Mouse1_Cable1_HF_2026-03-03_12-16-25_DIFF_Ch2_minus_Ch3.npy,2026-03-03,diet,8.0,,39.87,interpolated,False,A
1,HF,Cable1,Mouse1_Cable1-2026-03-08_11-08-40.eeg,Mouse1_Cable1_HF_2026-03-08_11-08-40_DIFF_Ch2_minus_Ch3,Mouse1_Cable1_HF_2026-03-08_11-08-40_DIFF_Ch2_minus_Ch3.npy,/Users/amanlizahra/Desktop/thesis_lfp_analysis/outputs/03a_differential_npy_filtered_Cable1/Mouse1_Cable1_HF_2026-03-08_11-08-40_DIFF_Ch2_minus_Ch3.npy,Mouse1_Cable1_HF_2026-03-08_11-08-40_DIFF_Ch2_minus_Ch3.eeg,/Users/amanlizahra/Desktop/thesis_lfp_analysis/outputs/03a_differential_eeg_for_spike2_filtered_Cable1/Mouse1_Cable1_HF_2026-03-08_11-08-40_DIFF_Ch2_minus_Ch3.eeg,1.0,False,2,3,Ch2-Ch3,1838.2056,30.63676,/Users/amanlizahra/Desktop/Cable1_HF/Mouse1_Cable1-2026-03-08_11-08-40.eeg,/Users/amanlizahra/Desktop/thesis_lfp_analysis/outputs/03a_differential_npy_filtered_Cable1/Mouse1_Cable1_HF_2026-03-08_11-08-40_DIFF_Ch2_minus_Ch3.npy,2026-03-08,diet,13.0,,38.43,interpolated,False,A
1,HF,Cable1,Mouse1_Cable1-2026-03-13_12-37-21.eeg,Mouse1_Cable1_HF_2026-03-13_12-37-21_DIFF_Ch2_minus_Ch3,Mouse1_Cable1_HF_2026-03-13_12-37-21_DIFF_Ch2_minus_Ch3.npy,/Users/amanlizahra/Desktop/thesis_lfp_analysis/outputs/03a_differential_npy_filtered_Cable1/Mouse1_Cable1_HF_2026-03-13_12-37-21_DIFF_Ch2_minus_Ch3.npy,Mouse1_Cable1_HF_2026-03-13_12-37-21_DIFF_Ch2_minus_Ch3.eeg,/Users/amanlizahra/Desktop/thesis_lfp_analysis/outputs/03a_differential_eeg_for_spike2_filtered_Cable1/Mouse1_Cable1_HF_2026-03-13_12-37-21_DIFF_Ch2_minus_Ch3.eeg,1.0,False,2,3,Ch2-Ch3,1813.2624,30.221040000000002,/Users/amanlizahra/Desktop/Cable1_HF/Mouse1_Cable1-2026-03-13_12-37-21.eeg,/Users/amanlizahra/Desktop/thesis_lfp_analysis/outputs/03a_differential_npy_filtered_Cable1/Mouse1_Cable1_HF_2026-03-13_12-37-21_DIFF_Ch2_minus_Ch3.npy,2026-03-13,diet,18.0,,36.83,interpolated,False,B
1,HF,Cable1,Mouse1_Cable1-2026-03-19_12-55-20.eeg,Mouse1_Cable1_HF_2026-03-19_12-55-20_DIFF_Ch2_minus_Ch3,Mouse1_Cable1_HF_2026-03-19_12-55-20_DIFF_Ch2_minus_Ch3.npy,/Users/amanlizahra/Desktop/thesis_lfp_analysis/outputs/03a_differential_npy_filtered_Cable1/Mouse1_Cable1_HF_2026-03-19_12-55-20_DIFF_Ch2_minus_Ch3.npy,Mouse1_Cable1_HF_2026-03-19_12-55-20_DIFF_Ch2_minus_Ch3.eeg,/Users/amanlizahra/Desktop/thesis_lfp_analysis/outputs/03a_differential_eeg_for_spike2_filtered_Cable1/Mouse1_Cable1_HF_2026-03-19_12-55-20_DIFF_Ch2_minus_Ch3.eeg,1.0,False,2,3,Ch2-Ch3,1816.156,30.269266666666667,/Users/amanlizahra/Desktop/Cable1_HF/Mouse1_Cable1-2026-03-19_12-55-20.eeg,/Users/amanlizahra/Desktop/thesis_lfp_analysis/outputs/03a_differential_npy_filtered_Cable1/Mouse1_Cable1_HF_2026-03-19_12-55-20_DIFF_Ch2_minus_Ch3.npy,2026-03-19,diet,24.0,,35.7,measured,False,B
1,HF,Cable1,Mouse1_Cable1-2026-03-26_11-06-11.eeg,Mouse1_Cable1_HF_2026-03-26_11-06-11_DIFF_Ch2_minus_Ch3,Mouse1_Cable1_HF_2026-03-26_11-06-11_DIFF_Ch2_minus_Ch3.npy,/Users/amanlizahra/Desktop/thesis_lfp_analysis/outputs/03a_differential_npy_filtered_Cable1/Mouse1_Cable1_HF_2026-03-26_11-06-11_DIFF_Ch2_minus_Ch3.npy,Mouse1_Cable1_HF_2026-03-26_11-06-11_DIFF_Ch2_minus_Ch3.eeg,/Users/amanlizahra/Desktop/thesis_lfp_analysis/outputs/03a_differential_eeg_for_spike2_filtered_Cable1/Mouse1_Cable1_HF_2026-03-26_11-06-11_DIFF_Ch2_minus_Ch3.eeg,0.8514034854330185,True,2,3,Ch2-Ch3,1828.2816,30.47136,/Users/amanlizahra/Desktop/Cable1_HF/Mouse1_Cable1-2026-03-26_11-06-11.eeg,/Users/amanlizahra/Desktop/thesis_lfp_analysis/outputs/03a_differential_npy_filtered_Cable1/Mouse1_Cable1_HF_2026-03-26_11-06-11_DIFF_Ch2_minus_Ch3.npy,2026-03-26,diet,31.0,,36.5,measured,False,D
1,HF,Cable1,Mouse1_Cable1-2026-03-31_10-10-35.eeg,Mouse1_Cable1_HF_2026-03-31_10-10-35_DIFF_Ch2_minus_Ch3,Mouse1_Cable1_HF_2026-03-31_10-10-35_DIFF_Ch2_minus_Ch3.npy,/Users/amanlizahra/Desktop/thesis_lfp_analysis/outputs/03a_differential_npy_filtered_Cable1/Mouse1_Cable1_HF_2026-03-31_10-10-35_DIFF_Ch2_minus_Ch3.npy,Mouse1_Cable1_HF_2026-03-31_10-10-35_DIFF_Ch2_minus_Ch3.eeg,/Users/amanlizahra/Desktop/thesis_lfp_analysis/outputs/03a_differential_eeg_for_spike2_filtered_Cable1/Mouse1_Cable1_HF_2026-03-31_10-10-35_DIFF_Ch2_minus_Ch3.eeg,1.0,False,2,3,Ch2-Ch3,1242.3816,20.70636,/Users/amanlizahra/Desktop/Cable1_HF/Mouse1_Cable1-2026-03-31_10-10-35.eeg,/Users/amanlizahra/Desktop/thesis_lfp_analysis/outputs/03a_differential_npy_filtered_Cable1/Mouse1_Cable1_HF_2026-03-31_10-10-35_DIFF_Ch2_minus_Ch3.npy,2026-03-31,recovery,,1.0,35.6,interpolated,False,D
1,HF,Cable1,Mouse1_Cable1-2026-04-02_11-07-38.eeg,Mouse1_Cable1_HF_2026-04-02_11-07-38_DIFF_Ch2_minus_Ch3,Mouse1_Cable1_HF_2026-04-02_11-07-38_DIFF_Ch2_minus_Ch3.npy,/Users/amanlizahra/Desktop/thesis_lfp_analysis/outputs/03a_differential_npy_filtered_Cable1/Mouse1_Cable1_HF_2026-04-02_11-07-38_DIFF_Ch2_minus_Ch3.npy,Mouse1_Cable1_HF_2026-04-02_11-07-38_DIFF_Ch2_minus_Ch3.eeg,/Users/amanlizahra/Desktop/thesis_lfp_analysis/outputs/03a_differential_eeg_for_spike2_filtered_Cable1/Mouse1_Cable1_HF_2026-04-02_11-07-38_DIFF_Ch2_minus_Ch3.eeg,1.0,False,2,3,Ch2-Ch3,1224.1232,20.402053333333335,/Users/amanlizahra/Desktop/Cable1_HF/Mouse1_Cable1-2026-04-02_11-07-38.eeg,/Users/amanlizahra/Desktop/thesis_lfp_analysis/outputs/03a_differential_npy_filtered_Cable1/Mouse1_Cable1_HF_2026-04-02_11-07-38_DIFF_Ch2_minus_Ch3.npy,2026-04-02,recovery,,3.0,35.6,measured,False,A
4,HF,Cable1,Mouse4_Cable1-2026-03-05_10-11-36.eeg,Mouse4_Cable1_HF_2026-03-05_10-11-36_DIFF_Ch2_minus_Ch3,Mouse4_Cable1_HF_2026-03-05_10-11-36_DIFF_Ch2_minus_Ch3.npy,/Users/amanlizahra/Desktop/thesis_lfp_analysis/outputs/03a_differential_npy_filtered_Cable1/Mouse4_Cable1_HF_2026-03-05_10-11-36_DIFF_Ch2_minus_Ch3.npy,Mouse4_Cable1_HF_2026-03-05_10-11-36_DIFF_Ch2_minus_Ch3.eeg,/Users/amanlizahra/Desktop/thesis_lfp_analysis/outputs/03a_differential_eeg_for_spike2_filtered_Cable1/Mouse4_Cable1_HF_2026-03-05_10-11-36_DIFF_Ch2_minus_Ch3.eeg,1.0,False,2,3,Ch2-Ch3,1807.3184,30.121973333333337,/Users/amanlizahra/Desktop/Cable1_HF/Mouse4_Cable1-2026-03-05_10-11-36.eeg,/Users/amanlizahra/Desktop/thesis_lfp_analysis/outputs/03a_differential_npy_filtered_Cable1/Mouse4_Cable1_HF_2026-03-05_10-11-36_DIFF_Ch2_minus_Ch3.npy,2026-03-05,diet,10.0,,39.9,measured,False,C
4,HF,Cable1,Mouse4_Cable1-2026-03-10_11-57-39.eeg,Mouse4_Cable1_HF_2026-03-10_11-57-39_DIFF_Ch2_minus_Ch3,Mouse4_Cable1_HF_2026-03-10_11-57-39_DIFF_Ch2_minus_Ch3.npy,/Users/amanlizahra/Desktop/thesis_lfp_analysis/outputs/03a_differential_npy_filtered_Cable1/Mouse4_Cable1_HF_2026-03-10_11-57-39_DIFF_Ch2_minus_Ch3.npy,Mouse4_Cable1_HF_2026-03-10_11-57-39_DIFF_Ch2_minus_Ch3.eeg,/Users/amanlizahra/Desktop/thesis_lfp_analysis/outputs/03a_differential_eeg_for_spike2_filtered_Cable1/Mouse4_Cable1_HF_2026-03-10_11-57-39_DIFF_Ch2_minus_Ch3.eeg,1.0,False,2,3,Ch2-Ch3,1832.4024,30.540039999999998,/Users/amanlizahra/Desktop/Cable1_HF/Mouse4_Cable1-2026-03-10_11-57-39.eeg,/Users/amanlizahra/Desktop/thesis_lfp_analysis/outputs/03a_differential_npy_filtered_Cable1/Mouse4_Cable1_HF_2026-03-10_11-57-39_DIFF_Ch2_minus_Ch3.npy,2026-03-10,diet,15.0,,40.0,interpolated,False,C
4,HF,Cable1,Mouse4_Cable1-2026-03-16_10-06-17.eeg,Mouse4_Cable1_HF_2026-03-16_10-06-17_DIFF_Ch2_minus_Ch3,Mouse4_Cable1_HF_2026-03-16_10-06-17_DIFF_Ch2_minus_Ch3.npy,/Users/amanlizahra/Desktop/thesis_lfp_analysis/outputs/03a_differential_npy_filtered_Cable1/Mouse4_Cable1_HF_2026-03-16_10-06-17_DIFF_Ch2_minus_Ch3.npy,Mouse4_Cable1_HF_2026-03-16_10-06-17_DIFF_Ch2_minus_Ch3.eeg,/Users/amanlizahra/Desktop/thesis_lfp_analysis/outputs/03a_differential_eeg_for_spike2_filtered_Cable1/Mouse4_Cable1_HF_2026-03-16_10-06-17_DIFF_Ch2_minus_Ch3.eeg,1.0,False,2,3,Ch2-Ch3,1827.4952,30.458253333333335,/Users/amanlizahra/Desktop/Cable1_HF/Mouse4_Cable1-2026-03-16_10-06-17.eeg,/Users/amanlizahra/Desktop/thesis_lfp_analysis/outputs/03a_differential_npy_filtered_Cable1/Mouse4_Cable1_HF_2026-03-16_10-06-17_DIFF_Ch2_minus_Ch3.npy,2026-03-16,diet,21.0,,39.2,measured,False,D
4,HF,Cable1,Mouse4_Cable1-2026-03-23_10-13-09.eeg,Mouse4_Cable1_HF_2026-03-23_10-13-09_DIFF_Ch2_minus_Ch3,Mouse4_Cable1_HF_2026-03-23_10-13-09_DIFF_Ch2_minus_Ch3.npy,/Users/amanlizahra/Desktop/thesis_lfp_analysis/outputs/03a_differential_npy_filtered_Cable1/Mouse4_Cable1_HF_2026-03-23_10-13-09_DIFF_Ch2_minus_Ch3.npy,Mouse4_Cable1_HF_2026-03-23_10-13-09_DIFF_Ch2_minus_Ch3.eeg,/Users/amanlizahra/Desktop/thesis_lfp_analysis/outputs/03a_differential_eeg_for_spike2_filtered_Cable1/Mouse4_Cable1_HF_2026-03-23_10-13-09_DIFF_Ch2_minus_Ch3.eeg,1.0,False,2,3,Ch2-Ch3,1812.7752,30.21292,/Users/amanlizahra/Desktop/Cable1_HF/Mouse4_Cable1-2026-03-23_10-13-09.eeg,/Users/amanlizahra/Desktop/thesis_lfp_analysis/outputs/03a_differential_npy_filtered_Cable1/Mouse4_Cable1_HF_2026-03-23_10-13-09_DIFF_Ch2_minus_Ch3.npy,2026-03-23,diet,28.0,,38.8,measured,False,A
4,HF,Cable1,Mouse4_Cable1-2026-03-29_11-58-50.eeg,Mouse4_Cable1_HF_2026-03-29_11-58-50_DIFF_Ch2_minus_Ch3,Mouse4_Cable1_HF_2026-03-29_11-58-50_DIFF_Ch2_minus_Ch3.npy,/Users/amanlizahra/Desktop/thesis_lfp_analysis/outputs/03a_differential_npy_filtered_Cable1/Mouse4_Cable1_HF_2026-03-29_11-58-50_DIFF_Ch2_minus_Ch3.npy,Mouse4_Cable1_HF_2026-03-29_11-58-50_DIFF_Ch2_minus_Ch3.eeg,/Users/amanlizahra/Desktop/thesis_lfp_analysis/outputs/03a_differential_eeg_for_spike2_filtered_Cable1/Mouse4_Cable1_HF_2026-03-29_11-58-50_DIFF_Ch2_minus_Ch3.eeg,1.0,False,2,3,Ch2-Ch3,1848.0344,30.800573333333332,/Users/amanlizahra/Desktop/Cable1_HF/Mouse4_Cable1-2026-03-29_11-58-50.eeg,/Users/amanlizahra/Desktop/thesis_lfp_analysis/outputs/03a_differential_npy_filtered_Cable1/Mouse4_Cable1_HF_2026-03-29_11-58-50_DIFF_Ch2_minus_Ch3.npy,2026-03-29,diet,34.0,,38.45,interpolated,False,B
4,HF,Cable1,Mouse4_Cable1-2026-03-31_10-34-19.eeg,Mouse4_Cable1_HF_2026-03-31_10-34-19_DIFF_Ch2_minus_Ch3,Mouse4_Cable1_HF_2026-03-31_10-34-19_DIFF_Ch2_minus_Ch3.npy,/Users/amanlizahra/Desktop/thesis_lfp_analysis/outputs/03a_differential_npy_filtered_Cable1/Mouse4_Cable1_HF_2026-03-31_10-34-19_DIFF_Ch2_minus_Ch3.npy,Mouse4_Cable1_HF_2026-03-31_10-34-19_DIFF_Ch2_minus_Ch3.eeg,/Users/amanlizahra/Desktop/thesis_lfp_analysis/outputs/03a_differential_eeg_for_spike2_filtered_Cable1/Mouse4_Cable1_HF_2026-03-31_10-34-19_DIFF_Ch2_minus_Ch3.eeg,1.0,False,2,3,Ch2-Ch3,1233.496,20.55826666666667,/Users/amanlizahra/Desktop/Cable1_HF/Mouse4_Cable1-2026-03-31_10-34-19.eeg,/Users/amanlizahra/Desktop/thesis_lfp_analysis/outputs/03a_differential_npy_filtered_Cable1/Mouse4_Cable1_HF_2026-03-31_10-34-19_DIFF_Ch2_minus_Ch3.npy,2026-03-31,recovery,,1.0,38.17,interpolated,False,D
4,HF,Cable1,Mouse4_Cable1-2026-04-02_11-35-16.eeg,Mouse4_Cable1_HF_2026-04-02_11-35-16_DIFF_Ch2_minus_Ch3,Mouse4_Cable1_HF_2026-04-02_11-35-16_DIFF_Ch2_minus_Ch3.npy,/Users/amanlizahra/Desktop/thesis_lfp_analysis/outputs/03a_differential_npy_filtered_Cable1/Mouse4_Cable1_HF_2026-04-02_11-35-16_DIFF_Ch2_minus_Ch3.npy,Mouse4_Cable1_HF_2026-04-02_11-35-16_DIFF_Ch2_minus_Ch3.eeg,/Users/amanlizahra/Desktop/thesis_lfp_analysis/outputs/03a_differential_eeg_for_spike2_filtered_Cable1/Mouse4_Cable1_HF_2026-04-02_11-35-16_DIFF_Ch2_minus_Ch3.eeg,1.0,False,2,3,Ch2-Ch3,1214.7024,20.24504,/Users/amanlizahra/Desktop/Cable1_HF/Mouse4_Cable1-2026-04-02_11-35-16.eeg,/Users/amanlizahra/Desktop/thesis_lfp_analysis/outputs/03a_differential_npy_filtered_Cable1/Mouse4_Cable1_HF_2026-04-02_11-35-16_DIFF_Ch2_minus_Ch3.npy,2026-04-02,recovery,,3.0,37.9,measured,False,B
9,HF,Cable1,Mouse9_Cable1-2026-02-19_10-00-27.eeg,Mouse9_Cable1_HF_2026-02-19_10-00-27_DIFF_Ch3_minus_Ch4,Mouse9_Cable1_HF_2026-02-19_10-00-27_DIFF_Ch3_minus_Ch4.npy,/Users/amanlizahra/Desktop/thesis_lfp_analysis/outputs/03a_differential_npy_filtered_Cable1/Mouse9_Cable1_HF_2026-02-19_10-00-27_DIFF_Ch3_minus_Ch4.npy,Mouse9_Cable1_HF_2026-02-19_10-00-27_DIFF_Ch3_minus_Ch4.eeg,/Users/amanlizahra/Desktop/thesis_lfp_analysis/outputs/03a_differential_eeg_for_spike2_filtered_Cable1/Mouse9_Cable1_HF_2026-02-19_10-00-27_DIFF_Ch3_minus_Ch4.eeg,1.0,False,3,4,Ch3-Ch4,1808.12,30.13533333333333,/Users/amanlizahra/Desktop/Cable1_HF/Mouse9_Cable1-2026-02-19_10-00-27.eeg,/Users/amanlizahra/Desktop/thesis_lfp_analysis/outputs/03a_differential_npy_filtered_Cable1/Mouse9_Cable1_HF_2026-02-19_10-00-27_DIFF_Ch3_minus_Ch4.npy,2026-02-19,baseline,,,32.8,baseline,False,D
9,HF,Cable1,Mouse9_Cable1-2026-03-03_12-57-35.eeg,Mouse9_Cable1_HF_2026-03-03_12-57-35_DIFF_Ch3_minus_Ch4,Mouse9_Cable1_HF_2026-03-03_12-57-35_DIFF_Ch3_minus_Ch4.npy,/Users/amanlizahra/Desktop/thesis_lfp_analysis/outputs/03a_differential_npy_filtered_Cable1/Mouse9_Cable1_HF_2026-03-03_12-57-35_DIFF_Ch3_minus_Ch4.npy,Mouse9_Cable1_HF_2026-03-03_12-57-35_DIFF_Ch3_minus_Ch4.eeg,/Users/amanlizahra/Desktop/thesis_lfp_analysis/outputs/03a_differential_eeg_for_spike2_filtered_Cable1/Mouse9_Cable1_HF_2026-03-03_12-57-35_DIFF_Ch3_minus_Ch4.eeg,1.0,False,3,4,Ch3-Ch4,1802.5528,30.042546666666667,/Users/amanlizahra/Desktop/Cable1_HF/Mouse9_Cable1-2026-03-03_12-57-35.eeg,/Users/amanlizahra/Desktop/thesis_lfp_analysis/outputs/03a_differential_npy_filtered_Cable1/Mouse9_Cable1_HF_2026-03-03_12-57-35_DIFF_Ch3_minus_Ch4.npy,2026-03-03,diet,8.0,,36.33,interpolated,False,D
9,HF,Cable1,Mouse9_Cable1-2026-03-08_11-46-38.eeg,Mouse9_Cable1_HF_2026-03-08_11-46-38_DIFF_Ch3_minus_Ch4,Mouse9_Cable1_HF_2026-03-08_11-46-38_DIFF_Ch3_minus_Ch4.npy,/Users/amanlizahra/Desktop/thesis_lfp_analysis/outputs/03a_differential_npy_filtered_Cable1/Mouse9_Cable1_HF_2026-03-08_11-46-38_DIFF_Ch3_minus_Ch4.npy,Mouse9_Cable1_HF_2026-03-08_11-46-38_DIFF_Ch3_minus_Ch4.eeg,/Users/amanlizahra/Desktop/thesis_lfp_analysis/outputs/03a_differential_eeg_for_spike2_filtered_Cable1/Mouse9_Cable1_HF_2026-03-08_11-46-38_DIFF_Ch3_minus_Ch4.eeg,1.0,False,3,4,Ch3-Ch4,1804.4712,30.07452,/Users/amanlizahra/Desktop/Cable1_HF/Mouse9_Cable1-2026-03-08_11-46-38.eeg,/Users/amanlizahra/Desktop/thesis_lfp_analysis/outputs/03a_differential_npy_filtered_Cable1/Mouse9_Cable1_HF_2026-03-08_11-46-38_DIFF_Ch3_minus_Ch4.npy,2026-03-08,diet,13.0,,34.8,interpolated,False,B
9,HF,Cable1,Mouse9_Cable1-2026-03-13_13-13-55.eeg,Mouse9_Cable1_HF_2026-03-13_13-13-55_DIFF_Ch3_minus_Ch4,Mouse9_Cable1_HF_2026-03-13_13-13-55_DIFF_Ch3_minus_Ch4.npy,/Users/amanlizahra/Desktop/thesis_lfp_analysis/outputs/03a_differential_npy_filtered_Cable1/Mouse9_Cable1_HF_2026-03-13_13-13-55_DIFF_Ch3_minus_Ch4.npy,Mouse9_Cable1_HF_2026-03-13_13-13-55_DIFF_Ch3_minus_Ch4.eeg,/Users/amanlizahra/Desktop/thesis_lfp_analysis/outputs/03a_differential_eeg_for_spike2_filtered_Cable1/Mouse9_Cable1_HF_2026-03-13_13-13-55_DIFF_Ch3_minus_Ch4.eeg,1.0,False,3,4,Ch3-Ch4,1819.9624,30.332706666666663,/Users/amanlizahra/Desktop/Cable1_HF/Mouse9_Cable1-2026-03-13_13-13-55.eeg,/Users/amanlizahra/Desktop/thesis_lfp_analysis/outputs/03a_differential_npy_filtered_Cable1/Mouse9_Cable1_HF_2026-03-13_13-13-55_DIFF_Ch3_minus_Ch4.npy,2026-03-13,diet,18.0,,35.65,interpolated,False,A
9,HF,Cable1,Mouse9_Cable1-2026-03-19_13-32-07.eeg,Mouse9_Cable1_HF_2026-03-19_13-32-07_DIFF_Ch3_minus_Ch4,Mouse9_Cable1_HF_2026-03-19_13-32-07_DIFF_Ch3_minus_Ch4.npy,/Users/amanlizahra/Desktop/thesis_lfp_analysis/outputs/03a_differential_npy_filtered_Cable1/Mouse9_Cable1_HF_2026-03-19_13-32-07_DIFF_Ch3_minus_Ch4.npy,Mouse9_Cable1_HF_2026-03-19_13-32-07_DIFF_Ch3_minus_Ch4.eeg,/Users/amanlizahra/Desktop/thesis_lfp_analysis/outputs/03a_differential_eeg_for_spike2_filtered_Cable1/Mouse9_Cable1_HF_2026-03-19_13-32-07_DIFF_Ch3_minus_Ch4.eeg,1.0,False,3,4,Ch3-Ch4,1823.328,30.3888,/Users/amanlizahra/Desktop/Cable1_HF/Mouse9_Cable1-2026-03-19_13-32-07.eeg,/Users/amanlizahra/Desktop/thesis_lfp_analysis/outputs/03a_differential_npy_filtered_Cable1/Mouse9_Cable1_HF_2026-03-19_13-32-07_DIFF_Ch3_minus_Ch4.npy,2026-03-19,diet,24.0,,35.0,measured,False,A
9,HF,Cable1,Mouse9_Cable1-2026-03-29_13-02-32.eeg,Mouse9_Cable1_HF_2026-03-29_13-02-32_DIFF_Ch3_minus_Ch4,Mouse9_Cable1_HF_2026-03-29_13-02-32_DIFF_Ch3_minus_Ch4.npy,/Users/amanlizahra/Desktop/thesis_lfp_analysis/outputs/03a_differential_npy_filtered_Cable1/Mouse9_Cable1_HF_2026-03-29_13-02-32_DIFF_Ch3_minus_Ch4.npy,Mouse9_Cable1_HF_2026-03-29_13-02-32_DIFF_Ch3_minus_Ch4.eeg,/Users/amanlizahra/Desktop/thesis_lfp_analysis/outputs/03a_differential_eeg_for_spike2_filtered_Cable1/Mouse9_Cable1_HF_2026-03-29_13-02-32_DIFF_Ch3_minus_Ch4.eeg,1.0,False,3,4,Ch3-Ch4,1212.3592,20.205986666666668,/Users/amanlizahra/Desktop/Cable1_HF/Mouse9_Cable1-2026-03-29_13-02-32.eeg,/Users/amanlizahra/Desktop/thesis_lfp_analysis/outputs/03a_differential_npy_filtered_Cable1/Mouse9_Cable1_HF_2026-03-29_13-02-32_DIFF_Ch3_minus_Ch4.npy,2026-03-29,diet,34.0,,33.95,interpolated,False,A
9,HF,Cable1,Mouse9_Cable1-2026-03-31_10-58-10.eeg,Mouse9_Cable1_HF_2026-03-31_10-58-10_DIFF_Ch3_minus_Ch4,Mouse9_Cable1_HF_2026-03-31_10-58-10_DIFF_Ch3_minus_Ch4.npy,/Users/amanlizahra/Desktop/thesis_lfp_analysis/outputs/03a_differential_npy_filtered_Cable1/Mouse9_Cable1_HF_2026-03-31_10-58-10_DIFF_Ch3_minus_Ch4.npy,Mouse9_Cable1_HF_2026-03-31_10-58-10_DIFF_Ch3_minus_Ch4.eeg,/Users/amanlizahra/Desktop/thesis_lfp_analysis/outputs/03a_differential_eeg_for_spike2_filtered_Cable1/Mouse9_Cable1_HF_2026-03-31_10-58-10_DIFF_Ch3_minus_Ch4.eeg,0.9122006841505131,True,3,4,Ch3-Ch4,1281.8088,21.36348,/Users/amanlizahra/Desktop/Cable1_HF/Mouse9_Cable1-2026-03-31_10-58-10.eeg,/Users/amanlizahra/Desktop/thesis_lfp_analysis/outputs/03a_differential_npy_filtered_Cable1/Mouse9_Cable1_HF_2026-03-31_10-58-10_DIFF_Ch3_minus_Ch4.npy,2026-03-31,recovery,,1.0,33.93,interpolated,False,B
9,HF,Cable1,Mouse9_Cable1-2026-04-02_11-58-35.eeg,Mouse9_Cable1_HF_2026-04-02_11-58-35_DIFF_Ch3_minus_Ch4,Mouse9_Cable1_HF_2026-04-02_11-58-35_DIFF_Ch3_minus_Ch4.npy,/Users/amanlizahra/Desktop/thesis_lfp_analysis/outputs/03a_differential_npy_filtered_Cable1/Mouse9_Cable1_HF_2026-04-02_11-58-35_DIFF_Ch3_minus_Ch4.npy,Mouse9_Cable1_HF_2026-04-02_11-58-35_DIFF_Ch3_minus_Ch4.eeg,/Users/amanlizahra/Desktop/thesis_lfp_analysis/outputs/03a_differential_eeg_for_spike2_filtered_Cable1/Mouse9_Cable1_HF_2026-04-02_11-58-35_DIFF_Ch3_minus_Ch4.eeg,1.0,False,3,4,Ch3-Ch4,1205.1096,20.08516,/Users/amanlizahra/Desktop/Cable1_HF/Mouse9_Cable1-2026-04-02_11-58-35.eeg,/Users/amanlizahra/Desktop/thesis_lfp_analysis/outputs/03a_differential_npy_filtered_Cable1/Mouse9_Cable1_HF_2026-04-02_11-58-35_DIFF_Ch3_minus_Ch4.npy,2026-04-02,recovery,,3.0,34.0,measured,False,D
10,HF,Cable1,Mouse10_Cable1-2026-03-05_10-50-49.eeg,Mouse10_Cable1_HF_2026-03-05_10-50-49_DIFF_Ch3_minus_Ch4,Mouse10_Cable1_HF_2026-03-05_10-50-49_DIFF_Ch3_minus_Ch4.npy,/Users/amanlizahra/Desktop/thesis_lfp_analysis/outputs/03a_differential_npy_filtered_Cable1/Mouse10_Cable1_HF_2026-03-05_10-50-49_DIFF_Ch3_minus_Ch4.npy,Mouse10_Cable1_HF_2026-03-05_10-50-49_DIFF_Ch3_minus_Ch4.eeg,/Users/amanlizahra/Desktop/thesis_lfp_analysis/outputs/03a_differential_eeg_for_spike2_filtered_Cable1/Mouse10_Cable1_HF_2026-03-05_10-50-49_DIFF_Ch3_minus_Ch4.eeg,1.0,False,3,4,Ch3-Ch4,1808.6392,30.143986666666667,/Users/amanlizahra/Desktop/Cable1_HF/Mouse10_Cable1-2026-03-05_10-50-49.eeg,/Users/amanlizahra/Desktop/thesis_lfp_analysis/outputs/03a_differential_npy_filtered_Cable1/Mouse10_Cable1_HF_2026-03-05_10-50-49_DIFF_Ch3_minus_Ch4.npy,2026-03-05,diet,10.0,,37.4,measured,False,B
10,HF,Cable1,Mouse10_Cable1-2026-03-10_12-49-22.eeg,Mouse10_Cable1_HF_2026-03-10_12-49-22_DIFF_Ch3_minus_Ch4,Mouse10_Cable1_HF_2026-03-10_12-49-22_DIFF_Ch3_minus_Ch4.npy,/Users/amanlizahra/Desktop/thesis_lfp_analysis/outputs/03a_differential_npy_filtered_Cable1/Mouse10_Cable1_HF_2026-03-10_12-49-22_DIFF_Ch3_minus_Ch4.npy,Mouse10_Cable1_HF_2026-03-10_12-49-22_DIFF_Ch3_minus_Ch4.eeg,/Users/amanlizahra/Desktop/thesis_lfp_analysis/outputs/03a_differential_eeg_for_spike2_filtered_Cable1/Mouse10_Cable1_HF_2026-03-10_12-49-22_DIFF_Ch3_minus_Ch4.eeg,1.0,False,3,4,Ch3-Ch4,1814.0016,30.23336,/Users/amanlizahra/Desktop/Cable1_HF/Mouse10_Cable1-2026-03-10_12-49-22.eeg,/Users/amanlizahra/Desktop/thesis_lfp_analysis/outputs/03a_differential_npy_filtered_Cable1/Mouse10_Cable1_HF_2026-03-10_12-49-22_DIFF_Ch3_minus_Ch4.npy,2026-03-10,diet,15.0,,39.13,interpolated,False,D
10,HF,Cable1,Mouse10_Cable1-2026-03-16_10-44-00.eeg,Mouse10_Cable1_HF_2026-03-16_10-44-00_DIFF_Ch3_minus_Ch4,Mouse10_Cable1_HF_2026-03-16_10-44-00_DIFF_Ch3_minus_Ch4.npy,/Users/amanlizahra/Desktop/thesis_lfp_analysis/outputs/03a_differential_npy_filtered_Cable1/Mouse10_Cable1_HF_2026-03-16_10-44-00_DIFF_Ch3_minus_Ch4.npy,Mouse10_Cable1_HF_2026-03-16_10-44-00_DIFF_Ch3_minus_Ch4.eeg,/Users/amanlizahra/Desktop/thesis_lfp_analysis/outputs/03a_differential_eeg_for_spike2_filtered_Cable1/Mouse10_Cable1_HF_2026-03-16_10-44-00_DIFF_Ch3_minus_Ch4.eeg,1.0,False,3,4,Ch3-Ch4,1814.348,30.23913333333333,/Users/amanlizahra/Desktop/Cable1_HF/Mouse10_Cable1-2026-03-16_10-44-00.eeg,/Users/amanlizahra/Desktop/thesis_lfp_analysis/outputs/03a_differential_npy_filtered_Cable1/Mouse10_Cable1_HF_2026-03-16_10-44-00_DIFF_Ch3_minus_Ch4.npy,2026-03-16,diet,21.0,,37.6,measured,False,D
10,HF,Cable1,Mouse10_Cable1-2026-03-23_10-51-51.eeg,Mouse10_Cable1_HF_2026-03-23_10-51-51_DIFF_Ch3_minus_Ch4,Mouse10_Cable1_HF_2026-03-23_10-51-51_DIFF_Ch3_minus_Ch4.npy,/Users/amanlizahra/Desktop/thesis_lfp_analysis/outputs/03a_differential_npy_filtered_Cable1/Mouse10_Cable1_HF_2026-03-23_10-51-51_DIFF_Ch3_minus_Ch4.npy,Mouse10_Cable1_HF_2026-03-23_10-51-51_DIFF_Ch3_minus_Ch4.eeg,/Users/amanlizahra/Desktop/thesis_lfp_analysis/outputs/03a_differential_eeg_for_spike2_filtered_Cable1/Mouse10_Cable1_HF_2026-03-23_10-51-51_DIFF_Ch3_minus_Ch4.eeg,1.0,False,3,4,Ch3-Ch4,1855.772,30.92953333333333,/Users/amanlizahra/Desktop/Cable1_HF/Mouse10_Cable1-2026-03-23_10-51-51.eeg,/Users/amanlizahra/Desktop/thesis_lfp_analysis/outputs/03a_differential_npy_filtered_Cable1/Mouse10_Cable1_HF_2026-03-23_10-51-51_DIFF_Ch3_minus_Ch4.npy,2026-03-23,diet,28.0,,36.5,measured,False,A
10,HF,Cable1,Mouse10_Cable1-2026-03-29_12-39-17.eeg,Mouse10_Cable1_HF_2026-03-29_12-39-17_DIFF_Ch3_minus_Ch4,Mouse10_Cable1_HF_2026-03-29_12-39-17_DIFF_Ch3_minus_Ch4.npy,/Users/amanlizahra/Desktop/thesis_lfp_analysis/outputs/03a_differential_npy_filtered_Cable1/Mouse10_Cable1_HF_2026-03-29_12-39-17_DIFF_Ch3_minus_Ch4.npy,Mouse10_Cable1_HF_2026-03-29_12-39-17_DIFF_Ch3_minus_Ch4.eeg,/Users/amanlizahra/Desktop/thesis_lfp_analysis/outputs/03a_differential_eeg_for_spike2_filtered_Cable1/Mouse10_Cable1_HF_2026-03-29_12-39-17_DIFF_Ch3_minus_Ch4.eeg,1.0,False,3,4,Ch3-Ch4,1230.4296,20.50716,/Users/amanlizahra/Desktop/Cable1_HF/Mouse10_Cable1-2026-03-29_12-39-17.eeg,/Users/amanlizahra/Desktop/thesis_lfp_analysis/outputs/03a_differential_npy_filtered_Cable1/Mouse10_Cable1_HF_2026-03-29_12-39-17_DIFF_Ch3_minus_Ch4.npy,2026-03-29,diet,34.0,,35.4,interpolated,False,B
10,HF,Cable1,Mouse10_Cable1-2026-03-31_11-21-55.eeg,Mouse10_Cable1_HF_2026-03-31_11-21-55_DIFF_Ch3_minus_Ch4,Mouse10_Cable1_HF_2026-03-31_11-21-55_DIFF_Ch3_minus_Ch4.npy,/Users/amanlizahra/Desktop/thesis_lfp_analysis/outputs/03a_differential_npy_filtered_Cable1/Mouse10_Cable1_HF_2026-03-31_11-21-55_DIFF_Ch3_minus_Ch4.npy,Mouse10_Cable1_HF_2026-03-31_11-21-55_DIFF_Ch3_minus_Ch4.eeg,/Users/amanlizahra/Desktop/thesis_lfp_analysis/outputs/03a_differential_eeg_for_spike2_filtered_Cable1/Mouse10_Cable1_HF_2026-03-31_11-21-55_DIFF_Ch3_minus_Ch4.eeg,1.0,False,3,4,Ch3-Ch4,1223.8872,20.39812,/Users/amanlizahra/Desktop/Cable1_HF/Mouse10_Cable1-2026-03-31_11-21-55.eeg,/Users/amanlizahra/Desktop/thesis_lfp_analysis/outputs/03a_differential_npy_filtered_Cable1/Mouse10_Cable1_HF_2026-03-31_11-21-55_DIFF_Ch3_minus_Ch4.npy,2026-03-31,recovery,,1.0,34.87,interpolated,False,D
10,HF,Cable1,Mouse10_Cable1-2026-04-02_12-22-42.eeg,Mouse10_Cable1_HF_2026-04-02_12-22-42_DIFF_Ch3_minus_Ch4,Mouse10_Cable1_HF_2026-04-02_12-22-42_DIFF_Ch3_minus_Ch4.npy,/Users/amanlizahra/Desktop/thesis_lfp_analysis/outputs/03a_differential_npy_filtered_Cable1/Mouse10_Cable1_HF_2026-04-02_12-22-42_DIFF_Ch3_minus_Ch4.npy,Mouse10_Cable1_HF_2026-04-02_12-22-42_DIFF_Ch3_minus_Ch4.eeg,/Users/amanlizahra/Desktop/thesis_lfp_analysis/outputs/03a_differential_eeg_for_spike2_filtered_Cable1/Mouse10_Cable1_HF_2026-04-02_12-22-42_DIFF_Ch3_minus_Ch4.eeg,1.0,False,3,4,Ch3-Ch4,1203.4736,20.057893333333332,/Users/amanlizahra/Desktop/Cable1_HF/Mouse10_Cable1-2026-04-02_12-22-42.eeg,/Users/amanlizahra/Desktop/thesis_lfp_analysis/outputs/03a_differential_npy_filtered_Cable1/Mouse10_Cable1_HF_2026-04-02_12-22-42_DIFF_Ch3_minus_Ch4.npy,2026-04-02,recovery,,3.0,34.6,measured,False,A
14,HF,Cable1,Mouse14_Cable1-2026-03-03_13-37-05.eeg,Mouse14_Cable1_HF_2026-03-03_13-37-05_DIFF_Ch2_minus_Ch3,Mouse14_Cable1_HF_2026-03-03_13-37-05_DIFF_Ch2_minus_Ch3.npy,/Users/amanlizahra/Desktop/thesis_lfp_analysis/outputs/03a_differential_npy_filtered_Cable1/Mouse14_Cable1_HF_2026-03-03_13-37-05_DIFF_Ch2_minus_Ch3.npy,Mouse14_Cable1_HF_2026-03-03_13-37-05_DIFF_Ch2_minus_Ch3.eeg,/Users/amanlizahra/Desktop/thesis_lfp_analysis/outputs/03a_differential_eeg_for_spike2_filtered_Cable1/Mouse14_Cable1_HF_2026-03-03_13-37-05_DIFF_Ch2_minus_Ch3.eeg,1.0,False,2,3,Ch2-Ch3,1801.0744,30.017906666666665,/Users/amanlizahra/Desktop/Cable1_HF/Mouse14_Cable1-2026-03-03_13-37-05.eeg,/Users/amanlizahra/Desktop/thesis_lfp_analysis/outputs/03a_differential_npy_filtered_Cable1/Mouse14_Cable1_HF_2026-03-03_13-37-05_DIFF_Ch2_minus_Ch3.npy,2026-03-03,diet,8.0,,31.33,interpolated,False,D
14,HF,Cable1,Mouse14_Cable1-2026-03-08_12-26-39.eeg,Mouse14_Cable1_HF_2026-03-08_12-26-39_DIFF_Ch2_minus_Ch3,Mouse14_Cable1_HF_2026-03-08_12-26-39_DIFF_Ch2_minus_Ch3.npy,/Users/amanlizahra/Desktop/thesis_lfp_analysis/outputs/03a_differential_npy_filtered_Cable1/Mouse14_Cable1_HF_2026-03-08_12-26-39_DIFF_Ch2_minus_Ch3.npy,Mouse14_Cable1_HF_2026-03-08_12-26-39_DIFF_Ch2_minus_Ch3.eeg,/Users/amanlizahra/Desktop/thesis_lfp_analysis/outputs/03a_differential_eeg_for_spike2_filtered_Cable1/Mouse14_Cable1_HF_2026-03-08_12-26-39_DIFF_Ch2_minus_Ch3.eeg,1.0,False,2,3,Ch2-Ch3,1805.9024,30.09837333333333,/Users/amanlizahra/Desktop/Cable1_HF/Mouse14_Cable1-2026-03-08_12-26-39.eeg,/Users/amanlizahra/Desktop/thesis_lfp_analysis/outputs/03a_differential_npy_filtered_Cable1/Mouse14_Cable1_HF_2026-03-08_12-26-39_DIFF_Ch2_minus_Ch3.npy,2026-03-08,diet,13.0,,29.8,interpolated,False,B
14,HF,Cable1,Mouse14_Cable1-2026-03-13_13-50-04.eeg,Mouse14_Cable1_HF_2026-03-13_13-50-04_DIFF_Ch2_minus_Ch3,Mouse14_Cable1_HF_2026-03-13_13-50-04_DIFF_Ch2_minus_Ch3.npy,/Users/amanlizahra/Desktop/thesis_lfp_analysis/outputs/03a_differential_npy_filtered_Cable1/Mouse14_Cable1_HF_2026-03-13_13-50-04_DIFF_Ch2_minus_Ch3.npy,Mouse14_Cable1_HF_2026-03-13_13-50-04_DIFF_Ch2_minus_Ch3.eeg,/Users/amanlizahra/Desktop/thesis_lfp_analysis/outputs/03a_differential_eeg_for_spike2_filtered_Cable1/Mouse14_Cable1_HF_2026-03-13_13-50-04_DIFF_Ch2_minus_Ch3.eeg,1.0,False,2,3,Ch2-Ch3,1812.4608,30.20768,/Users/amanlizahra/Desktop/Cable1_HF/Mouse14_Cable1-2026-03-13_13-50-04.eeg,/Users/amanlizahra/Desktop/thesis_lfp_analysis/outputs/03a_differential_npy_filtered_Cable1/Mouse14_Cable1_HF_2026-03-13_13-50-04_DIFF_Ch2_minus_Ch3.npy,2026-03-13,diet,18.0,,29.73,interpolated,False,B
14,HF,Cable1,Mouse14_Cable1-2026-03-19_14-09-18.eeg,Mouse14_Cable1_HF_2026-03-19_14-09-18_DIFF_Ch2_minus_Ch3,Mouse14_Cable1_HF_2026-03-19_14-09-18_DIFF_Ch2_minus_Ch3.npy,/Users/amanlizahra/Desktop/thesis_lfp_analysis/outputs/03a_differential_npy_filtered_Cable1/Mouse14_Cable1_HF_2026-03-19_14-09-18_DIFF_Ch2_minus_Ch3.npy,Mouse14_Cable1_HF_2026-03-19_14-09-18_DIFF_Ch2_minus_Ch3.eeg,/Users/amanlizahra/Desktop/thesis_lfp_analysis/outputs/03a_differential_eeg_for_spike2_filtered_Cable1/Mouse14_Cable1_HF_2026-03-19_14-09-18_DIFF_Ch2_minus_Ch3.eeg,1.0,False,2,3,Ch2-Ch3,1859.672,30.994533333333333,/Users/amanlizahra/Desktop/Cable1_HF/Mouse14_Cable1-2026-03-19_14-09-18.eeg,/Users/amanlizahra/Desktop/thesis_lfp_analysis/outputs/03a_differential_npy_filtered_Cable1/Mouse14_Cable1_HF_2026-03-19_14-09-18_DIFF_Ch2_minus_Ch3.npy,2026-03-19,diet,24.0,,27.4,measured,False,D
14,HF,Cable1,Mouse14_Cable1-2026-03-26_11-43-11.eeg,Mouse14_Cable1_HF_2026-03-26_11-43-11_DIFF_Ch2_minus_Ch3,Mouse14_Cable1_HF_2026-03-26_11-43-11_DIFF_Ch2_minus_Ch3.npy,/Users/amanlizahra/Desktop/thesis_lfp_analysis/outputs/03a_differential_npy_filtered_Cable1/Mouse14_Cable1_HF_2026-03-26_11-43-11_DIFF_Ch2_minus_Ch3.npy,Mouse14_Cable1_HF_2026-03-26_11-43-11_DIFF_Ch2_minus_Ch3.eeg,/Users/amanlizahra/Desktop/thesis_lfp_analysis/outputs/03a_differential_eeg_for_spike2_filtered_Cable1/Mouse14_Cable1_HF_2026-03-26_11-43-11_DIFF_Ch2_minus_Ch3.eeg,1.0,False,2,3,Ch2-Ch3,1812.964,30.216066666666666,/Users/amanlizahra/Desktop/Cable1_HF/Mouse14_Cable1-2026-03-26_11-43-11.eeg,/Users/amanlizahra/Desktop/thesis_lfp_analysis/outputs/03a_differential_npy_filtered_Cable1/Mouse14_Cable1_HF_2026-03-26_11-43-11_DIFF_Ch2_minus_Ch3.npy,2026-03-26,diet,31.0,,26.8,measured,False,A
14,HF,Cable1,Mouse14_Cable1-2026-03-29_13-48-59.eeg,Mouse14_Cable1_HF_2026-03-29_13-48-59_DIFF_Ch2_minus_Ch3,Mouse14_Cable1_HF_2026-03-29_13-48-59_DIFF_Ch2_minus_Ch3.npy,/Users/amanlizahra/Desktop/thesis_lfp_analysis/outputs/03a_differential_npy_filtered_Cable1/Mouse14_Cable1_HF_2026-03-29_13-48-59_DIFF_Ch2_minus_Ch3.npy,Mouse14_Cable1_HF_2026-03-29_13-48-59_DIFF_Ch2_minus_Ch3.eeg,/Users/amanlizahra/Desktop/thesis_lfp_analysis/outputs/03a_differential_eeg_for_spike2_filtered_Cable1/Mouse14_Cable1_HF_2026-03-29_13-48-59_DIFF_Ch2_minus_Ch3.eeg,1.0,False,2,3,Ch2-Ch3,1227.1112,20.451853333333336,/Users/amanlizahra/Desktop/Cable1_HF/Mouse14_Cable1-2026-03-29_13-48-59.eeg,/Users/amanlizahra/Desktop/thesis_lfp_analysis/outputs/03a_differential_npy_filtered_Cable1/Mouse14_Cable1_HF_2026-03-29_13-48-59_DIFF_Ch2_minus_Ch3.npy,2026-03-29,diet,34.0,,26.65,interpolated,False,D
14,HF,Cable1,Mouse14_Cable1-2026-03-31_11-46-25.eeg,Mouse14_Cable1_HF_2026-03-31_11-46-25_DIFF_Ch2_minus_Ch3,Mouse14_Cable1_HF_2026-03-31_11-46-25_DIFF_Ch2_minus_Ch3.npy,/Users/amanlizahra/Desktop/thesis_lfp_analysis/outputs/03a_differential_npy_filtered_Cable1/Mouse14_Cable1_HF_2026-03-31_11-46-25_DIFF_Ch2_minus_Ch3.npy,Mouse14_Cable1_HF_2026-03-31_11-46-25_DIFF_Ch2_minus_Ch3.eeg,/Users/amanlizahra/Desktop/thesis_lfp_analysis/outputs/03a_differential_eeg_for_spike2_filtered_Cable1/Mouse14_Cable1_HF_2026-03-31_11-46-25_DIFF_Ch2_minus_Ch3.eeg,1.0,False,2,3,Ch2-Ch3,1219.688,20.328133333333334,/Users/amanlizahra/Desktop/Cable1_HF/Mouse14_Cable1-2026-03-31_11-46-25.eeg,/Users/amanlizahra/Desktop/thesis_lfp_analysis/outputs/03a_differential_npy_filtered_Cable1/Mouse14_Cable1_HF_2026-03-31_11-46-25_DIFF_Ch2_minus_Ch3.npy,2026-03-31,recovery,,1.0,26.87,interpolated,False,A
14,HF,Cable1,Mouse14_Cable1-2026-04-02_12-46-08.eeg,Mouse14_Cable1_HF_2026-04-02_12-46-08_DIFF_Ch2_minus_Ch3,Mouse14_Cable1_HF_2026-04-02_12-46-08_DIFF_Ch2_minus_Ch3.npy,/Users/amanlizahra/Desktop/thesis_lfp_analysis/outputs/03a_differential_npy_filtered_Cable1/Mouse14_Cable1_HF_2026-04-02_12-46-08_DIFF_Ch2_minus_Ch3.npy,Mouse14_Cable1_HF_2026-04-02_12-46-08_DIFF_Ch2_minus_Ch3.eeg,/Users/amanlizahra/Desktop/thesis_lfp_analysis/outputs/03a_differential_eeg_for_spike2_filtered_Cable1/Mouse14_Cable1_HF_2026-04-02_12-46-08_DIFF_Ch2_minus_Ch3.eeg,1.0,False,2,3,Ch2-Ch3,1238.6384,20.643973333333335,/Users/amanlizahra/Desktop/Cable1_HF/Mouse14_Cable1-2026-04-02_12-46-08.eeg,/Users/amanlizahra/Desktop/thesis_lfp_analysis/outputs/03a_differential_npy_filtered_Cable1/Mouse14_Cable1_HF_2026-04-02_12-46-08_DIFF_Ch2_minus_Ch3.npy,2026-04-02,recovery,,3.0,27.4,measured,False,D
17,HF,Cable1,Mouse17_Cable1-2026-02-19_10-59-12.eeg,Mouse17_Cable1_HF_2026-02-19_10-59-12_DIFF_Ch2_minus_Ch3,Mouse17_Cable1_HF_2026-02-19_10-59-12_DIFF_Ch2_minus_Ch3.npy,/Users/amanlizahra/Desktop/thesis_lfp_analysis/outputs/03a_differential_npy_filtered_Cable1/Mouse17_Cable1_HF_2026-02-19_10-59-12_DIFF_Ch2_minus_Ch3.npy,Mouse17_Cable1_HF_2026-02-19_10-59-12_DIFF_Ch2_minus_Ch3.eeg,/Users/amanlizahra/Desktop/thesis_lfp_analysis/outputs/03a_differential_eeg_for_spike2_filtered_Cable1/Mouse17_Cable1_HF_2026-02-19_10-59-12_DIFF_Ch2_minus_Ch3.eeg,1.0,False,2,3,Ch2-Ch3,1823.6424,30.39404,/Users/amanlizahra/Desktop/Cable1_HF/Mouse17_Cable1-2026-02-19_10-59-12.eeg,/Users/amanlizahra/Desktop/thesis_lfp_analysis/outputs/03a_differential_npy_filtered_Cable1/Mouse17_Cable1_HF_2026-02-19_10-59-12_DIFF_Ch2_minus_Ch3.npy,2026-02-19,baseline,,,31.6,baseline,False,D
17,HF,Cable1,Mouse17_Cable1-2026-03-05_11-29-30.eeg,Mouse17_Cable1_HF_2026-03-05_11-29-30_DIFF_Ch2_minus_Ch3,Mouse17_Cable1_HF_2026-03-05_11-29-30_DIFF_Ch2_minus_Ch3.npy,/Users/amanlizahra/Desktop/thesis_lfp_analysis/outputs/03a_differential_npy_filtered_Cable1/Mouse17_Cable1_HF_2026-03-05_11-29-30_DIFF_Ch2_minus_Ch3.npy,Mouse17_Cable1_HF_2026-03-05_11-29-30_DIFF_Ch2_minus_Ch3.eeg,/Users/amanlizahra/Desktop/thesis_lfp_analysis/outputs/03a_differential_eeg_for_spike2_filtered_Cable1/Mouse17_Cable1_HF_2026-03-05_11-29-30_DIFF_Ch2_minus_Ch3.eeg,1.0,False,2,3,Ch2-Ch3,1810.8248,30.180413333333334,/Users/amanlizahra/Desktop/Cable1_HF/Mouse17_Cable1-2026-03-05_11-29-30.eeg,/Users/amanlizahra/Desktop/thesis_lfp_analysis/outputs/03a_differential_npy_filtered_Cable1/Mouse17_Cable1_HF_2026-03-05_11-29-30_DIFF_Ch2_minus_Ch3.npy,2026-03-05,diet,10.0,,37.2,measured,False,B
17,HF,Cable1,Mouse17_Cable1-2026-03-10_13-26-40.eeg,Mouse17_Cable1_HF_2026-03-10_13-26-40_DIFF_Ch2_minus_Ch3,Mouse17_Cable1_HF_2026-03-10_13-26-40_DIFF_Ch2_minus_Ch3.npy,/Users/amanlizahra/Desktop/thesis_lfp_analysis/outputs/03a_differential_npy_filtered_Cable1/Mouse17_Cable1_HF_2026-03-10_13-26-40_DIFF_Ch2_minus_Ch3.npy,Mouse17_Cable1_HF_2026-03-10_13-26-40_DIFF_Ch2_minus_Ch3.eeg,/Users/amanlizahra/Desktop/thesis_lfp_analysis/outputs/03a_differential_eeg_for_spike2_filtered_Cable1/Mouse17_Cable1_HF_2026-03-10_13-26-40_DIFF_Ch2_minus_Ch3.eeg,1.0,False,2,3,Ch2-Ch3,1813.908,30.2318,/Users/amanlizahra/Desktop/Cable1_HF/Mouse17_Cable1-2026-03-10_13-26-40.eeg,/Users/amanlizahra/Desktop/thesis_lfp_analysis/outputs/03a_differential_npy_filtered_Cable1/Mouse17_Cable1_HF_2026-03-10_13-26-40_DIFF_Ch2_minus_Ch3.npy,2026-03-10,diet,15.0,,36.73,interpolated,False,B
17,HF,Cable1,Mouse17_Cable1-2026-03-16_11-21-18.eeg,Mouse17_Cable1_HF_2026-03-16_11-21-18_DIFF_Ch2_minus_Ch3,Mouse17_Cable1_HF_2026-03-16_11-21-18_DIFF_Ch2_minus_Ch3.npy,/Users/amanlizahra/Desktop/thesis_lfp_analysis/outputs/03a_differential_npy_filtered_Cable1/Mouse17_Cable1_HF_2026-03-16_11-21-18_DIFF_Ch2_minus_Ch3.npy,Mouse17_Cable1_HF_2026-03-16_11-21-18_DIFF_Ch2_minus_Ch3.eeg,/Users/amanlizahra/Desktop/thesis_lfp_analysis/outputs/03a_differential_eeg_for_spike2_filtered_Cable1/Mouse17_Cable1_HF_2026-03-16_11-21-18_DIFF_Ch2_minus_Ch3.eeg,1.0,False,2,3,Ch2-Ch3,1809.064,30.15106666666667,/Users/amanlizahra/Desktop/Cable1_HF/Mouse17_Cable1-2026-03-16_11-21-18.eeg,/Users/amanlizahra/Desktop/thesis_lfp_analysis/outputs/03a_differential_npy_filtered_Cable1/Mouse17_Cable1_HF_2026-03-16_11-21-18_DIFF_Ch2_minus_Ch3.npy,2026-03-16,diet,21.0,,37.0,measured,False,B
17,HF,Cable1,Mouse17_Cable1-2026-03-23_11-29-16.eeg,Mouse17_Cable1_HF_2026-03-23_11-29-16_DIFF_Ch2_minus_Ch3,Mouse17_Cable1_HF_2026-03-23_11-29-16_DIFF_Ch2_minus_Ch3.npy,/Users/amanlizahra/Desktop/thesis_lfp_analysis/outputs/03a_differential_npy_filtered_Cable1/Mouse17_Cable1_HF_2026-03-23_11-29-16_DIFF_Ch2_minus_Ch3.npy,Mouse17_Cable1_HF_2026-03-23_11-29-16_DIFF_Ch2_minus_Ch3.eeg,/Users/amanlizahra/Desktop/thesis_lfp_analysis/outputs/03a_differential_eeg_for_spike2_filtered_Cable1/Mouse17_Cable1_HF_2026-03-23_11-29-16_DIFF_Ch2_minus_Ch3.eeg,0.965804484954577,True,2,3,Ch2-Ch3,1831.616,30.526933333333332,/Users/amanlizahra/Desktop/Cable1_HF/Mouse17_Cable1-2026-03-23_11-29-16.eeg,/Users/amanlizahra/Desktop/thesis_lfp_analysis/outputs/03a_differential_npy_filtered_Cable1/Mouse17_Cable1_HF_2026-03-23_11-29-16_DIFF_Ch2_minus_Ch3.npy,2026-03-23,diet,28.0,,37.0,measured,False,B
17,HF,Cable1,Mouse17_Cable1-2026-03-29_13-25-51.eeg,Mouse17_Cable1_HF_2026-03-29_13-25-51_DIFF_Ch2_minus_Ch3,Mouse17_Cable1_HF_2026-03-29_13-25-51_DIFF_Ch2_minus_Ch3.npy,/Users/amanlizahra/Desktop/thesis_lfp_analysis/outputs/03a_differential_npy_filtered_Cable1/Mouse17_Cable1_HF_2026-03-29_13-25-51_DIFF_Ch2_minus_Ch3.npy,Mouse17_Cable1_HF_2026-03-29_13-25-51_DIFF_Ch2_minus_Ch3.eeg,/Users/amanlizahra/Desktop/thesis_lfp_analysis/outputs/03a_differential_eeg_for_spike2_filtered_Cable1/Mouse17_Cable1_HF_2026-03-29_13-25-51_DIFF_Ch2_minus_Ch3.eeg,1.0,False,2,3,Ch2-Ch3,1216.0712,20.267853333333335,/Users/amanlizahra/Desktop/Cable1_HF/Mouse17_Cable1-2026-03-29_13-25-51.eeg,/Users/amanlizahra/Desktop/thesis_lfp_analysis/outputs/03a_differential_npy_filtered_Cable1/Mouse17_Cable1_HF_2026-03-29_13-25-51_DIFF_Ch2_minus_Ch3.npy,2026-03-29,diet,34.0,,36.38,interpolated,False,A
17,HF,Cable1,Mouse17_Cable1-2026-03-31_12-09-43.eeg,Mouse17_Cable1_HF_2026-03-31_12-09-43_DIFF_Ch2_minus_Ch3,Mouse17_Cable1_HF_2026-03-31_12-09-43_DIFF_Ch2_minus_Ch3.npy,/Users/amanlizahra/Desktop/thesis_lfp_analysis/outputs/03a_differential_npy_filtered_Cable1/Mouse17_Cable1_HF_2026-03-31_12-09-43_DIFF_Ch2_minus_Ch3.npy,Mouse17_Cable1_HF_2026-03-31_12-09-43_DIFF_Ch2_minus_Ch3.eeg,/Users/amanlizahra/Desktop/thesis_lfp_analysis/outputs/03a_differential_eeg_for_spike2_filtered_Cable1/Mouse17_Cable1_HF_2026-03-31_12-09-43_DIFF_Ch2_minus_Ch3.eeg,1.0,False,2,3,Ch2-Ch3,1243.4824,20.72470666666667,/Users/amanlizahra/Desktop/Cable1_HF/Mouse17_Cable1-2026-03-31_12-09-43.eeg,/Users/amanlizahra/Desktop/thesis_lfp_analysis/outputs/03a_differential_npy_filtered_Cable1/Mouse17_Cable1_HF_2026-03-31_12-09-43_DIFF_Ch2_minus_Ch3.npy,2026-03-31,recovery,,1.0,35.77,interpolated,False,C
17,HF,Cable1,Mouse17_Cable1-2026-04-02_13-13-00.eeg,Mouse17_Cable1_HF_2026-04-02_13-13-00_DIFF_Ch2_minus_Ch3,Mouse17_Cable1_HF_2026-04-02_13-13-00_DIFF_Ch2_minus_Ch3.npy,/Users/amanlizahra/Desktop/thesis_lfp_analysis/outputs/03a_differential_npy_filtered_Cable1/Mouse17_Cable1_HF_2026-04-02_13-13-00_DIFF_Ch2_minus_Ch3.npy,Mouse17_Cable1_HF_2026-04-02_13-13-00_DIFF_Ch2_minus_Ch3.eeg,/Users/amanlizahra/Desktop/thesis_lfp_analysis/outputs/03a_differential_eeg_for_spike2_filtered_Cable1/Mouse17_Cable1_HF_2026-04-02_13-13-00_DIFF_Ch2_minus_Ch3.eeg,1.0,False,2,3,Ch2-Ch3,1207.2328,20.120546666666666,/Users/amanlizahra/Desktop/Cable1_HF/Mouse17_Cable1-2026-04-02_13-13-00.eeg,/Users/amanlizahra/Desktop/thesis_lfp_analysis/outputs/03a_differential_npy_filtered_Cable1/Mouse17_Cable1_HF_2026-04-02_13-13-00_DIFF_Ch2_minus_Ch3.npy,2026-04-02,recovery,,3.0,35.1,measured,False,D
21,HF,Cable1,Mouse21_Cable1-2026-03-03_14-13-44.eeg,Mouse21_Cable1_HF_2026-03-03_14-13-44_DIFF_Ch2_minus_Ch3,Mouse21_Cable1_HF_2026-03-03_14-13-44_DIFF_Ch2_minus_Ch3.npy,/Users/amanlizahra/Desktop/thesis_lfp_analysis/outputs/03a_differential_npy_filtered_Cable1/Mouse21_Cable1_HF_2026-03-03_14-13-44_DIFF_Ch2_minus_Ch3.npy,Mouse21_Cable1_HF_2026-03-03_14-13-44_DIFF_Ch2_minus_Ch3.eeg,/Users/amanlizahra/Desktop/thesis_lfp_analysis/outputs/03a_differential_eeg_for_spike2_filtered_Cable1/Mouse21_Cable1_HF_2026-03-03_14-13-44_DIFF_Ch2_minus_Ch3.eeg,1.0,False,2,3,Ch2-Ch3,1816.7224,30.278706666666668,/Users/amanlizahra/Desktop/Cable1_HF/Mouse21_Cable1-2026-03-03_14-13-44.eeg,/Users/amanlizahra/Desktop/thesis_lfp_analysis/outputs/03a_differential_npy_filtered_Cable1/Mouse21_Cable1_HF_2026-03-03_14-13-44_DIFF_Ch2_minus_Ch3.npy,2026-03-03,diet,8.0,,33.03,interpolated,False,A
21,HF,Cable1,Mouse21_Cable1-2026-03-08_13-00-59.eeg,Mouse21_Cable1_HF_2026-03-08_13-00-59_DIFF_Ch2_minus_Ch3,Mouse21_Cable1_HF_2026-03-08_13-00-59_DIFF_Ch2_minus_Ch3.npy,/Users/amanlizahra/Desktop/thesis_lfp_analysis/outputs/03a_differential_npy_filtered_Cable1/Mouse21_Cable1_HF_2026-03-08_13-00-59_DIFF_Ch2_minus_Ch3.npy,Mouse21_Cable1_HF_2026-03-08_13-00-59_DIFF_Ch2_minus_Ch3.eeg,/Users/amanlizahra/Desktop/thesis_lfp_analysis/outputs/03a_differential_eeg_for_spike2_filtered_Cable1/Mouse21_Cable1_HF_2026-03-08_13-00-59_DIFF_Ch2_minus_Ch3.eeg,1.0,False,2,3,Ch2-Ch3,1816.3608,30.272679999999998,/Users/amanlizahra/Desktop/Cable1_HF/Mouse21_Cable1-2026-03-08_13-00-59.eeg,/Users/amanlizahra/Desktop/thesis_lfp_analysis/outputs/03a_differential_npy_filtered_Cable1/Mouse21_Cable1_HF_2026-03-08_13-00-59_DIFF_Ch2_minus_Ch3.npy,2026-03-08,diet,13.0,,33.03,interpolated,False,B
21,HF,Cable1,Mouse21_Cable1-2026-03-13_14-26-02.eeg,Mouse21_Cable1_HF_2026-03-13_14-26-02_DIFF_Ch2_minus_Ch3,Mouse21_Cable1_HF_2026-03-13_14-26-02_DIFF_Ch2_minus_Ch3.npy,/Users/amanlizahra/Desktop/thesis_lfp_analysis/outputs/03a_differential_npy_filtered_Cable1/Mouse21_Cable1_HF_2026-03-13_14-26-02_DIFF_Ch2_minus_Ch3.npy,Mouse21_Cable1_HF_2026-03-13_14-26-02_DIFF_Ch2_minus_Ch3.eeg,/Users/amanlizahra/Desktop/thesis_lfp_analysis/outputs/03a_differential_eeg_for_spike2_filtered_Cable1/Mouse21_Cable1_HF_2026-03-13_14-26-02_DIFF_Ch2_minus_Ch3.eeg,0.9720534629404617,True,2,3,Ch2-Ch3,1805.0688,30.08448,/Users/amanlizahra/Desktop/Cable1_HF/Mouse21_Cable1-2026-03-13_14-26-02.eeg,/Users/amanlizahra/Desktop/thesis_lfp_analysis/outputs/03a_differential_npy_filtered_Cable1/Mouse21_Cable1_HF_2026-03-13_14-26-02_DIFF_Ch2_minus_Ch3.npy,2026-03-13,diet,18.0,,33.42,interpolated,False,D
21,HF,Cable1,Mouse21_Cable1-2026-03-19_14-50-19.eeg,Mouse21_Cable1_HF_2026-03-19_14-50-19_DIFF_Ch2_minus_Ch3,Mouse21_Cable1_HF_2026-03-19_14-50-19_DIFF_Ch2_minus_Ch3.npy,/Users/amanlizahra/Desktop/thesis_lfp_analysis/outputs/03a_differential_npy_filtered_Cable1/Mouse21_Cable1_HF_2026-03-19_14-50-19_DIFF_Ch2_minus_Ch3.npy,Mouse21_Cable1_HF_2026-03-19_14-50-19_DIFF_Ch2_minus_Ch3.eeg,/Users/amanlizahra/Desktop/thesis_lfp_analysis/outputs/03a_differential_eeg_for_spike2_filtered_Cable1/Mouse21_Cable1_HF_2026-03-19_14-50-19_DIFF_Ch2_minus_Ch3.eeg,1.0,False,2,3,Ch2-Ch3,1812.9952,30.216586666666668,/Users/amanlizahra/Desktop/Cable1_HF/Mouse21_Cable1-2026-03-19_14-50-19.eeg,/Users/amanlizahra/Desktop/thesis_lfp_analysis/outputs/03a_differential_npy_filtered_Cable1/Mouse21_Cable1_HF_2026-03-19_14-50-19_DIFF_Ch2_minus_Ch3.npy,2026-03-19,diet,24.0,,33.3,measured,False,A
21,HF,Cable1,Mouse21_Cable1-2026-03-26_12-24-10.eeg,Mouse21_Cable1_HF_2026-03-26_12-24-10_DIFF_Ch2_minus_Ch3,Mouse21_Cable1_HF_2026-03-26_12-24-10_DIFF_Ch2_minus_Ch3.npy,/Users/amanlizahra/Desktop/thesis_lfp_analysis/outputs/03a_differential_npy_filtered_Cable1/Mouse21_Cable1_HF_2026-03-26_12-24-10_DIFF_Ch2_minus_Ch3.npy,Mouse21_Cable1_HF_2026-03-26_12-24-10_DIFF_Ch2_minus_Ch3.eeg,/Users/amanlizahra/Desktop/thesis_lfp_analysis/outputs/03a_differential_eeg_for_spike2_filtered_Cable1/Mouse21_Cable1_HF_2026-03-26_12-24-10_DIFF_Ch2_minus_Ch3.eeg,0.8022865165722308,True,2,3,Ch2-Ch3,1998.98,33.31633333333333,/Users/amanlizahra/Desktop/Cable1_HF/Mouse21_Cable1-2026-03-26_12-24-10.eeg,/Users/amanlizahra/Desktop/thesis_lfp_analysis/outputs/03a_differential_npy_filtered_Cable1/Mouse21_Cable1_HF_2026-03-26_12-24-10_DIFF_Ch2_minus_Ch3.npy,2026-03-26,diet,31.0,,33.2,measured,False,C
21,HF,Cable1,Mouse21_Cable1-2026-03-29_14-46-18.eeg,Mouse21_Cable1_HF_2026-03-29_14-46-18_DIFF_Ch2_minus_Ch3,Mouse21_Cable1_HF_2026-03-29_14-46-18_DIFF_Ch2_minus_Ch3.npy,/Users/amanlizahra/Desktop/thesis_lfp_analysis/outputs/03a_differential_npy_filtered_Cable1/Mouse21_Cable1_HF_2026-03-29_14-46-18_DIFF_Ch2_minus_Ch3.npy,Mouse21_Cable1_HF_2026-03-29_14-46-18_DIFF_Ch2_minus_Ch3.eeg,/Users/amanlizahra/Desktop/thesis_lfp_analysis/outputs/03a_differential_eeg_for_spike2_filtered_Cable1/Mouse21_Cable1_HF_2026-03-29_14-46-18_DIFF_Ch2_minus_Ch3.eeg,1.0,False,2,3,Ch2-Ch3,1212.2024,20.20337333333333,/Users/amanlizahra/Desktop/Cable1_HF/Mouse21_Cable1-2026-03-29_14-46-18.eeg,/Users/amanlizahra/Desktop/thesis_lfp_analysis/outputs/03a_differential_npy_filtered_Cable1/Mouse21_Cable1_HF_2026-03-29_14-46-18_DIFF_Ch2_minus_Ch3.npy,2026-03-29,diet,34.0,,32.98,interpolated,False,A
21,HF,Cable1,Mouse21_Cable1-2026-03-31_12-34-40.eeg,Mouse21_Cable1_HF_2026-03-31_12-34-40_DIFF_Ch2_minus_Ch3,Mouse21_Cable1_HF_2026-03-31_12-34-40_DIFF_Ch2_minus_Ch3.npy,/Users/amanlizahra/Desktop/thesis_lfp_analysis/outputs/03a_differential_npy_filtered_Cable1/Mouse21_Cable1_HF_2026-03-31_12-34-40_DIFF_Ch2_minus_Ch3.npy,Mouse21_Cable1_HF_2026-03-31_12-34-40_DIFF_Ch2_minus_Ch3.eeg,/Users/amanlizahra/Desktop/thesis_lfp_analysis/outputs/03a_differential_eeg_for_spike2_filtered_Cable1/Mouse21_Cable1_HF_2026-03-31_12-34-40_DIFF_Ch2_minus_Ch3.eeg,1.0,False,2,3,Ch2-Ch3,1255.7496,20.929160000000003,/Users/amanlizahra/Desktop/Cable1_HF/Mouse21_Cable1-2026-03-31_12-34-40.eeg,/Users/amanlizahra/Desktop/thesis_lfp_analysis/outputs/03a_differential_npy_filtered_Cable1/Mouse21_Cable1_HF_2026-03-31_12-34-40_DIFF_Ch2_minus_Ch3.npy,2026-03-31,recovery,,1.0,32.43,interpolated,False,D
21,HF,Cable1,Mouse21_Cable1-2026-04-02_13-36-07.eeg,Mouse21_Cable1_HF_2026-04-02_13-36-07_DIFF_Ch2_minus_Ch3,Mouse21_Cable1_HF_2026-04-02_13-36-07_DIFF_Ch2_minus_Ch3.npy,/Users/amanlizahra/Desktop/thesis_lfp_analysis/outputs/03a_differential_npy_filtered_Cable1/Mouse21_Cable1_HF_2026-04-02_13-36-07_DIFF_Ch2_minus_Ch3.npy,Mouse21_Cable1_HF_2026-04-02_13-36-07_DIFF_Ch2_minus_Ch3.eeg,/Users/amanlizahra/Desktop/thesis_lfp_analysis/outputs/03a_differential_eeg_for_spike2_filtered_Cable1/Mouse21_Cable1_HF_2026-04-02_13-36-07_DIFF_Ch2_minus_Ch3.eeg,1.0,False,2,3,Ch2-Ch3,1209.3712,20.156186666666667,/Users/amanlizahra/Desktop/Cable1_HF/Mouse21_Cable1-2026-04-02_13-36-07.eeg,/Users/amanlizahra/Desktop/thesis_lfp_analysis/outputs/03a_differential_npy_filtered_Cable1/Mouse21_Cable1_HF_2026-04-02_13-36-07_DIFF_Ch2_minus_Ch3.npy,2026-04-02,recovery,,3.0,31.5,measured,False,A
22,HF,Cable1,Mouse22_Cable1-2026-02-19_12-28-09.eeg,Mouse22_Cable1_HF_2026-02-19_12-28-09_DIFF_Ch1_minus_Ch4,Mouse22_Cable1_HF_2026-02-19_12-28-09_DIFF_Ch1_minus_Ch4.npy,/Users/amanlizahra/Desktop/thesis_lfp_analysis/outputs/03a_differential_npy_filtered_Cable1/Mouse22_Cable1_HF_2026-02-19_12-28-09_DIFF_Ch1_minus_Ch4.npy,Mouse22_Cable1_HF_2026-02-19_12-28-09_DIFF_Ch1_minus_Ch4.eeg,/Users/amanlizahra/Desktop/thesis_lfp_analysis/outputs/03a_differential_eeg_for_spike2_filtered_Cable1/Mouse22_Cable1_HF_2026-02-19_12-28-09_DIFF_Ch1_minus_Ch4.eeg,1.0,False,1,4,Ch1-Ch4,1829.2728,30.48788,/Users/amanlizahra/Desktop/Cable1_HF/Mouse22_Cable1-2026-02-19_12-28-09.eeg,/Users/amanlizahra/Desktop/thesis_lfp_analysis/outputs/03a_differential_npy_filtered_Cable1/Mouse22_Cable1_HF_2026-02-19_12-28-09_DIFF_Ch1_minus_Ch4.npy,2026-02-19,baseline,,,31.0,baseline,False,B
22,HF,Cable1,Mouse22_Cable1-2026-03-05_12-08-47.eeg,Mouse22_Cable1_HF_2026-03-05_12-08-47_DIFF_Ch1_minus_Ch4,Mouse22_Cable1_HF_2026-03-05_12-08-47_DIFF_Ch1_minus_Ch4.npy,/Users/amanlizahra/Desktop/thesis_lfp_analysis/outputs/03a_differential_npy_filtered_Cable1/Mouse22_Cable1_HF_2026-03-05_12-08-47_DIFF_Ch1_minus_Ch4.npy,Mouse22_Cable1_HF_2026-03-05_12-08-47_DIFF_Ch1_minus_Ch4.eeg,/Users/amanlizahra/Desktop/thesis_lfp_analysis/outputs/03a_differential_eeg_for_spike2_filtered_Cable1/Mouse22_Cable1_HF_2026-03-05_12-08-47_DIFF_Ch1_minus_Ch4.eeg,1.0,False,1,4,Ch1-Ch4,1817.588,30.293133333333333,/Users/amanlizahra/Desktop/Cable1_HF/Mouse22_Cable1-2026-03-05_12-08-47.eeg,/Users/amanlizahra/Desktop/thesis_lfp_analysis/outputs/03a_differential_npy_filtered_Cable1/Mouse22_Cable1_HF_2026-03-05_12-08-47_DIFF_Ch1_minus_Ch4.npy,2026-03-05,diet,10.0,,32.0,measured,False,D
22,HF,Cable1,Mouse22_Cable1-2026-03-10_14-11-08.eeg,Mouse22_Cable1_HF_2026-03-10_14-11-08_DIFF_Ch1_minus_Ch4,Mouse22_Cable1_HF_2026-03-10_14-11-08_DIFF_Ch1_minus_Ch4.npy,/Users/amanlizahra/Desktop/thesis_lfp_analysis/outputs/03a_differential_npy_filtered_Cable1/Mouse22_Cable1_HF_2026-03-10_14-11-08_DIFF_Ch1_minus_Ch4.npy,Mouse22_Cable1_HF_2026-03-10_14-11-08_DIFF_Ch1_minus_Ch4.eeg,/Users/amanlizahra/Desktop/thesis_lfp_analysis/outputs/03a_differential_eeg_for_spike2_filtered_Cable1/Mouse22_Cable1_HF_2026-03-10_14-11-08_DIFF_Ch1_minus_Ch4.eeg,0.8447952691464928,True,1,4,Ch1-Ch4,1863.0376,31.05062666666667,/Users/amanlizahra/Desktop/Cable1_HF/Mouse22_Cable1-2026-03-10_14-11-08.eeg,/Users/amanlizahra/Desktop/thesis_lfp_analysis/outputs/03a_differential_npy_filtered_Cable1/Mouse22_Cable1_HF_2026-03-10_14-11-08_DIFF_Ch1_minus_Ch4.npy,2026-03-10,diet,15.0,,29.77,interpolated,False,D
22,HF,Cable1,Mouse22_Cable1-2026-03-16_11-57-06.eeg,Mouse22_Cable1_HF_2026-03-16_11-57-06_DIFF_Ch1_minus_Ch4,Mouse22_Cable1_HF_2026-03-16_11-57-06_DIFF_Ch1_minus_Ch4.npy,/Users/amanlizahra/Desktop/thesis_lfp_analysis/outputs/03a_differential_npy_filtered_Cable1/Mouse22_Cable1_HF_2026-03-16_11-57-06_DIFF_Ch1_minus_Ch4.npy,Mouse22_Cable1_HF_2026-03-16_11-57-06_DIFF_Ch1_minus_Ch4.eeg,/Users/amanlizahra/Desktop/thesis_lfp_analysis/outputs/03a_differential_eeg_for_spike2_filtered_Cable1/Mouse22_Cable1_HF_2026-03-16_11-57-06_DIFF_Ch1_minus_Ch4.eeg,0.4882887006942855,True,1,4,Ch1-Ch4,1804.9744,30.082906666666666,/Users/amanlizahra/Desktop/Cable1_HF/Mouse22_Cable1-2026-03-16_11-57-06.eeg,/Users/amanlizahra/Desktop/thesis_lfp_analysis/outputs/03a_differential_npy_filtered_Cable1/Mouse22_Cable1_HF_2026-03-16_11-57-06_DIFF_Ch1_minus_Ch4.npy,2026-03-16,diet,21.0,,29.4,measured,False,A
22,HF,Cable1,Mouse22_Cable1-2026-03-27_10-00-03.eeg,Mouse22_Cable1_HF_2026-03-27_10-00-03_DIFF_Ch1_minus_Ch4,Mouse22_Cable1_HF_2026-03-27_10-00-03_DIFF_Ch1_minus_Ch4.npy,/Users/amanlizahra/Desktop/thesis_lfp_analysis/outputs/03a_differential_npy_filtered_Cable1/Mouse22_Cable1_HF_2026-03-27_10-00-03_DIFF_Ch1_minus_Ch4.npy,Mouse22_Cable1_HF_2026-03-27_10-00-03_DIFF_Ch1_minus_Ch4.eeg,/Users/amanlizahra/Desktop/thesis_lfp_analysis/outputs/03a_differential_eeg_for_spike2_filtered_Cable1/Mouse22_Cable1_HF_2026-03-27_10-00-03_DIFF_Ch1_minus_Ch4.eeg,1.0,False,1,4,Ch1-Ch4,1858.8384,30.98064,/Users/amanlizahra/Desktop/Cable1_HF/Mouse22_Cable1-2026-03-27_10-00-03.eeg,/Users/amanlizahra/Desktop/thesis_lfp_analysis/outputs/03a_differential_npy_filtered_Cable1/Mouse22_Cable1_HF_2026-03-27_10-00-03_DIFF_Ch1_minus_Ch4.npy,2026-03-27,diet,32.0,,29.38,interpolated,False,B
22,HF,Cable1,Mouse22_Cable1-2026-03-29_14-23-37.eeg,Mouse22_Cable1_HF_2026-03-29_14-23-37_DIFF_Ch1_minus_Ch4,Mouse22_Cable1_HF_2026-03-29_14-23-37_DIFF_Ch1_minus_Ch4.npy,/Users/amanlizahra/Desktop/thesis_lfp_analysis/outputs/03a_differential_npy_filtered_Cable1/Mouse22_Cable1_HF_2026-03-29_14-23-37_DIFF_Ch1_minus_Ch4.npy,Mouse22_Cable1_HF_2026-03-29_14-23-37_DIFF_Ch1_minus_Ch4.eeg,/Users/amanlizahra/Desktop/thesis_lfp_analysis/outputs/03a_differential_eeg_for_spike2_filtered_Cable1/Mouse22_Cable1_HF_2026-03-29_14-23-37_DIFF_Ch1_minus_Ch4.eeg,1.0,False,1,4,Ch1-Ch4,1227.9136,20.46522666666667,/Users/amanlizahra/Desktop/Cable1_HF/Mouse22_Cable1-2026-03-29_14-23-37.eeg,/Users/amanlizahra/Desktop/thesis_lfp_analysis/outputs/03a_differential_npy_filtered_Cable1/Mouse22_Cable1_HF_2026-03-29_14-23-37_DIFF_Ch1_minus_Ch4.npy,2026-03-29,diet,34.0,,29.72,interpolated,False,D
22,HF,Cable1,Mouse22_Cable1-2026-03-31_12-58-34.eeg,Mouse22_Cable1_HF_2026-03-31_12-58-34_DIFF_Ch1_minus_Ch4,Mouse22_Cable1_HF_2026-03-31_12-58-34_DIFF_Ch1_minus_Ch4.npy,/Users/amanlizahra/Desktop/thesis_lfp_analysis/outputs/03a_differential_npy_filtered_Cable1/Mouse22_Cable1_HF_2026-03-31_12-58-34_DIFF_Ch1_minus_Ch4.npy,Mouse22_Cable1_HF_2026-03-31_12-58-34_DIFF_Ch1_minus_Ch4.eeg,/Users/amanlizahra/Desktop/thesis_lfp_analysis/outputs/03a_differential_eeg_for_spike2_filtered_Cable1/Mouse22_Cable1_HF_2026-03-31_12-58-34_DIFF_Ch1_minus_Ch4.eeg,1.0,False,1,4,Ch1-Ch4,1360.0648,22.66774666666667,/Users/amanlizahra/Desktop/Cable1_HF/Mouse22_Cable1-2026-03-31_12-58-34.eeg,/Users/amanlizahra/Desktop/thesis_lfp_analysis/outputs/03a_differential_npy_filtered_Cable1/Mouse22_Cable1_HF_2026-03-31_12-58-34_DIFF_Ch1_minus_Ch4.npy,2026-03-31,recovery,,1.0,29.9,interpolated,False,D
22,HF,Cable1,Mouse22_Cable1-2026-04-02_13-59-00.eeg,Mouse22_Cable1_HF_2026-04-02_13-59-00_DIFF_Ch1_minus_Ch4,Mouse22_Cable1_HF_2026-04-02_13-59-00_DIFF_Ch1_minus_Ch4.npy,/Users/amanlizahra/Desktop/thesis_lfp_analysis/outputs/03a_differential_npy_filtered_Cable1/Mouse22_Cable1_HF_2026-04-02_13-59-00_DIFF_Ch1_minus_Ch4.npy,Mouse22_Cable1_HF_2026-04-02_13-59-00_DIFF_Ch1_minus_Ch4.eeg,/Users/amanlizahra/Desktop/thesis_lfp_analysis/outputs/03a_differential_eeg_for_spike2_filtered_Cable1/Mouse22_Cable1_HF_2026-04-02_13-59-00_DIFF_Ch1_minus_Ch4.eeg,1.0,False,1,4,Ch1-Ch4,1202.42,20.040333333333333,/Users/amanlizahra/Desktop/Cable1_HF/Mouse22_Cable1-2026-04-02_13-59-00.eeg,/Users/amanlizahra/Desktop/thesis_lfp_analysis/outputs/03a_differential_npy_filtered_Cable1/Mouse22_Cable1_HF_2026-04-02_13-59-00_DIFF_Ch1_minus_Ch4.npy,2026-04-02,recovery,,3.0,29.9,measured,False,D
23,HF,Cable1,Mouse23_Cable1-2026-02-21_15-15-29.eeg,Mouse23_Cable1_HF_2026-02-21_15-15-29_DIFF_Ch2_minus_Ch3,Mouse23_Cable1_HF_2026-02-21_15-15-29_DIFF_Ch2_minus_Ch3.npy,/Users/amanlizahra/Desktop/thesis_lfp_analysis/outputs/03a_differential_npy_filtered_Cable1/Mouse23_Cable1_HF_2026-02-21_15-15-29_DIFF_Ch2_minus_Ch3.npy,Mouse23_Cable1_HF_2026-02-21_15-15-29_DIFF_Ch2_minus_Ch3.eeg,/Users/amanlizahra/Desktop/thesis_lfp_analysis/outputs/03a_differential_eeg_for_spike2_filtered_Cable1/Mouse23_Cable1_HF_2026-02-21_15-15-29_DIFF_Ch2_minus_Ch3.eeg,1.0,False,2,3,Ch2-Ch3,394.1128,6.568546666666666,/Users/amanlizahra/Desktop/Cable1_HF/Mouse23_Cable1-2026-02-21_15-15-29.eeg,/Users/amanlizahra/Desktop/thesis_lfp_analysis/outputs/03a_differential_npy_filtered_Cable1/Mouse23_Cable1_HF_2026-02-21_15-15-29_DIFF_Ch2_minus_Ch3.npy,2026-02-21,baseline,,,28.5,baseline,False,C
23,HF,Cable1,Mouse23_Cable1-2026-03-03_14-52-57.eeg,Mouse23_Cable1_HF_2026-03-03_14-52-57_DIFF_Ch2_minus_Ch3,Mouse23_Cable1_HF_2026-03-03_14-52-57_DIFF_Ch2_minus_Ch3.npy,/Users/amanlizahra/Desktop/thesis_lfp_analysis/outputs/03a_differential_npy_filtered_Cable1/Mouse23_Cable1_HF_2026-03-03_14-52-57_DIFF_Ch2_minus_Ch3.npy,Mouse23_Cable1_HF_2026-03-03_14-52-57_DIFF_Ch2_minus_Ch3.eeg,/Users/amanlizahra/Desktop/thesis_lfp_analysis/outputs/03a_differential_eeg_for_spike2_filtered_Cable1/Mouse23_Cable1_HF_2026-03-03_14-52-57_DIFF_Ch2_minus_Ch3.eeg,0.49194441028163816,True,2,3,Ch2-Ch3,1809.3936,30.156560000000002,/Users/amanlizahra/Desktop/Cable1_HF/Mouse23_Cable1-2026-03-03_14-52-57.eeg,/Users/amanlizahra/Desktop/thesis_lfp_analysis/outputs/03a_differential_npy_filtered_Cable1/Mouse23_Cable1_HF_2026-03-03_14-52-57_DIFF_Ch2_minus_Ch3.npy,2026-03-03,diet,8.0,,28.27,interpolated,False,B
23,HF,Cable1,Mouse23_Cable1-2026-03-08_13-37-51.eeg,Mouse23_Cable1_HF_2026-03-08_13-37-51_DIFF_Ch2_minus_Ch3,Mouse23_Cable1_HF_2026-03-08_13-37-51_DIFF_Ch2_minus_Ch3.npy,/Users/amanlizahra/Desktop/thesis_lfp_analysis/outputs/03a_differential_npy_filtered_Cable1/Mouse23_Cable1_HF_2026-03-08_13-37-51_DIFF_Ch2_minus_Ch3.npy,Mouse23_Cable1_HF_2026-03-08_13-37-51_DIFF_Ch2_minus_Ch3.eeg,/Users/amanlizahra/Desktop/thesis_lfp_analysis/outputs/03a_differential_eeg_for_spike2_filtered_Cable1/Mouse23_Cable1_HF_2026-03-08_13-37-51_DIFF_Ch2_minus_Ch3.eeg,0.4915363583300052,True,2,3,Ch2-Ch3,1801.2,30.02,/Users/amanlizahra/Desktop/Cable1_HF/Mouse23_Cable1-2026-03-08_13-37-51.eeg,/Users/amanlizahra/Desktop/thesis_lfp_analysis/outputs/03a_differential_npy_filtered_Cable1/Mouse23_Cable1_HF_2026-03-08_13-37-51_DIFF_Ch2_minus_Ch3.npy,2026-03-08,diet,13.0,,28.08,interpolated,False,C
23,HF,Cable1,Mouse23_Cable1-2026-03-13_15-01-38.eeg,Mouse23_Cable1_HF_2026-03-13_15-01-38_DIFF_Ch2_minus_Ch3,Mouse23_Cable1_HF_2026-03-13_15-01-38_DIFF_Ch2_minus_Ch3.npy,/Users/amanlizahra/Desktop/thesis_lfp_analysis/outputs/03a_differential_npy_filtered_Cable1/Mouse23_Cable1_HF_2026-03-13_15-01-38_DIFF_Ch2_minus_Ch3.npy,Mouse23_Cable1_HF_2026-03-13_15-01-38_DIFF_Ch2_minus_Ch3.eeg,/Users/amanlizahra/Desktop/thesis_lfp_analysis/outputs/03a_differential_eeg_for_spike2_filtered_Cable1/Mouse23_Cable1_HF_2026-03-13_15-01-38_DIFF_Ch2_minus_Ch3.eeg,0.4882887006942855,True,2,3,Ch2-Ch3,1803.3552,30.05592,/Users/amanlizahra/Desktop/Cable1_HF/Mouse23_Cable1-2026-03-13_15-01-38.eeg,/Users/amanlizahra/Desktop/thesis_lfp_analysis/outputs/03a_differential_npy_filtered_Cable1/Mouse23_Cable1_HF_2026-03-13_15-01-38_DIFF_Ch2_minus_Ch3.npy,2026-03-13,diet,18.0,,27.52,interpolated,False,C
23,HF,Cable1,Mouse23_Cable1-2026-03-23_12-44-17.eeg,Mouse23_Cable1_HF_2026-03-23_12-44-17_DIFF_Ch2_minus_Ch3,Mouse23_Cable1_HF_2026-03-23_12-44-17_DIFF_Ch2_minus_Ch3.npy,/Users/amanlizahra/Desktop/thesis_lfp_analysis/outputs/03a_differential_npy_filtered_Cable1/Mouse23_Cable1_HF_2026-03-23_12-44-17_DIFF_Ch2_minus_Ch3.npy,Mouse23_Cable1_HF_2026-03-23_12-44-17_DIFF_Ch2_minus_Ch3.eeg,/Users/amanlizahra/Desktop/thesis_lfp_analysis/outputs/03a_differential_eeg_for_spike2_filtered_Cable1/Mouse23_Cable1_HF_2026-03-23_12-44-17_DIFF_Ch2_minus_Ch3.eeg,0.4882887006942855,True,2,3,Ch2-Ch3,471.9912,7.8665199999999995,/Users/amanlizahra/Desktop/Cable1_HF/Mouse23_Cable1-2026-03-23_12-44-17.eeg,/Users/amanlizahra/Desktop/thesis_lfp_analysis/outputs/03a_differential_npy_filtered_Cable1/Mouse23_Cable1_HF_2026-03-23_12-44-17_DIFF_Ch2_minus_Ch3.npy,2026-03-23,diet,28.0,,28.1,measured,False,C
23,HF,Cable1,Mouse23_Cable1-2026-03-26_13-09-11.eeg,Mouse23_Cable1_HF_2026-03-26_13-09-11_DIFF_Ch2_minus_Ch3,Mouse23_Cable1_HF_2026-03-26_13-09-11_DIFF_Ch2_minus_Ch3.npy,/Users/amanlizahra/Desktop/thesis_lfp_analysis/outputs/03a_differential_npy_filtered_Cable1/Mouse23_Cable1_HF_2026-03-26_13-09-11_DIFF_Ch2_minus_Ch3.npy,Mouse23_Cable1_HF_2026-03-26_13-09-11_DIFF_Ch2_minus_Ch3.eeg,/Users/amanlizahra/Desktop/thesis_lfp_analysis/outputs/03a_differential_eeg_for_spike2_filtered_Cable1/Mouse23_Cable1_HF_2026-03-26_13-09-11_DIFF_Ch2_minus_Ch3.eeg,0.4882887006942855,True,2,3,Ch2-Ch3,1680.0416,28.000693333333334,/Users/amanlizahra/Desktop/Cable1_HF/Mouse23_Cable1-2026-03-26_13-09-11.eeg,/Users/amanlizahra/Desktop/thesis_lfp_analysis/outputs/03a_differential_npy_filtered_Cable1/Mouse23_Cable1_HF_2026-03-26_13-09-11_DIFF_Ch2_minus_Ch3.npy,2026-03-26,diet,31.0,,26.6,measured,False,A
23,HF,Cable1,Mouse23_Cable1-2026-03-29_15-33-15.eeg,Mouse23_Cable1_HF_2026-03-29_15-33-15_DIFF_Ch2_minus_Ch3,Mouse23_Cable1_HF_2026-03-29_15-33-15_DIFF_Ch2_minus_Ch3.npy,/Users/amanlizahra/Desktop/thesis_lfp_analysis/outputs/03a_differential_npy_filtered_Cable1/Mouse23_Cable1_HF_2026-03-29_15-33-15_DIFF_Ch2_minus_Ch3.npy,Mouse23_Cable1_HF_2026-03-29_15-33-15_DIFF_Ch2_minus_Ch3.eeg,/Users/amanlizahra/Desktop/thesis_lfp_analysis/outputs/03a_differential_eeg_for_spike2_filtered_Cable1/Mouse23_Cable1_HF_2026-03-29_15-33-15_DIFF_Ch2_minus_Ch3.eeg,1.0,False,2,3,Ch2-Ch3,374.6896,6.2448266666666665,/Users/amanlizahra/Desktop/Cable1_HF/Mouse23_Cable1-2026-03-29_15-33-15.eeg,/Users/amanlizahra/Desktop/thesis_lfp_analysis/outputs/03a_differential_npy_filtered_Cable1/Mouse23_Cable1_HF_2026-03-29_15-33-15_DIFF_Ch2_minus_Ch3.npy,2026-03-29,diet,34.0,,27.2,interpolated,False,C
23,HF,Cable1,Mouse23_Cable1-2026-03-31_13-25-17.eeg,Mouse23_Cable1_HF_2026-03-31_13-25-17_DIFF_Ch2_minus_Ch3,Mouse23_Cable1_HF_2026-03-31_13-25-17_DIFF_Ch2_minus_Ch3.npy,/Users/amanlizahra/Desktop/thesis_lfp_analysis/outputs/03a_differential_npy_filtered_Cable1/Mouse23_Cable1_HF_2026-03-31_13-25-17_DIFF_Ch2_minus_Ch3.npy,Mouse23_Cable1_HF_2026-03-31_13-25-17_DIFF_Ch2_minus_Ch3.eeg,/Users/amanlizahra/Desktop/thesis_lfp_analysis/outputs/03a_differential_eeg_for_spike2_filtered_Cable1/Mouse23_Cable1_HF_2026-03-31_13-25-17_DIFF_Ch2_minus_Ch3.eeg,0.4882887006942855,True,2,3,Ch2-Ch3,481.3016,8.021693333333333,/Users/amanlizahra/Desktop/Cable1_HF/Mouse23_Cable1-2026-03-31_13-25-17.eeg,/Users/amanlizahra/Desktop/thesis_lfp_analysis/outputs/03a_differential_npy_filtered_Cable1/Mouse23_Cable1_HF_2026-03-31_13-25-17_DIFF_Ch2_minus_Ch3.npy,2026-03-31,recovery,,1.0,27.23,interpolated,False,B
23,HF,Cable1,Mouse23_Cable1-2026-04-02_14-21-56.eeg,Mouse23_Cable1_HF_2026-04-02_14-21-56_DIFF_Ch2_minus_Ch3,Mouse23_Cable1_HF_2026-04-02_14-21-56_DIFF_Ch2_minus_Ch3.npy,/Users/amanlizahra/Desktop/thesis_lfp_analysis/outputs/03a_differential_npy_filtered_Cable1/Mouse23_Cable1_HF_2026-04-02_14-21-56_DIFF_Ch2_minus_Ch3.npy,Mouse23_Cable1_HF_2026-04-02_14-21-56_DIFF_Ch2_minus_Ch3.eeg,/Users/amanlizahra/Desktop/thesis_lfp_analysis/outputs/03a_differential_eeg_for_spike2_filtered_Cable1/Mouse23_Cable1_HF_2026-04-02_14-21-56_DIFF_Ch2_minus_Ch3.eeg,1.0,False,2,3,Ch2-Ch3,450.7288,7.512146666666666,/Users/amanlizahra/Desktop/Cable1_HF/Mouse23_Cable1-2026-04-02_14-21-56.eeg,/Users/amanlizahra/Desktop/thesis_lfp_analysis/outputs/03a_differential_npy_filtered_Cable1/Mouse23_Cable1_HF_2026-04-02_14-21-56_DIFF_Ch2_minus_Ch3.npy,2026-04-02,recovery,,3.0,26.9,measured,False,B
25,HF,Cable1,Mouse25_Cable1-2026-02-21_13-15-00.eeg,Mouse25_Cable1_HF_2026-02-21_13-15-00_DIFF_Ch2_minus_Ch3,Mouse25_Cable1_HF_2026-02-21_13-15-00_DIFF_Ch2_minus_Ch3.npy,/Users/amanlizahra/Desktop/thesis_lfp_analysis/outputs/03a_differential_npy_filtered_Cable1/Mouse25_Cable1_HF_2026-02-21_13-15-00_DIFF_Ch2_minus_Ch3.npy,Mouse25_Cable1_HF_2026-02-21_13-15-00_DIFF_Ch2_minus_Ch3.eeg,/Users/amanlizahra/Desktop/thesis_lfp_analysis/outputs/03a_differential_eeg_for_spike2_filtered_Cable1/Mouse25_Cable1_HF_2026-02-21_13-15-00_DIFF_Ch2_minus_Ch3.eeg,1.0,False,2,3,Ch2-Ch3,1517.128,25.285466666666665,/Users/amanlizahra/Desktop/Cable1_HF/Mouse25_Cable1-2026-02-21_13-15-00.eeg,/Users/amanlizahra/Desktop/thesis_lfp_analysis/outputs/03a_differential_npy_filtered_Cable1/Mouse25_Cable1_HF_2026-02-21_13-15-00_DIFF_Ch2_minus_Ch3.npy,2026-02-21,baseline,,,32.2,baseline,False,B
25,HF,Cable1,Mouse25_Cable1-2026-03-05_12-46-31.eeg,Mouse25_Cable1_HF_2026-03-05_12-46-31_DIFF_Ch2_minus_Ch3,Mouse25_Cable1_HF_2026-03-05_12-46-31_DIFF_Ch2_minus_Ch3.npy,/Users/amanlizahra/Desktop/thesis_lfp_analysis/outputs/03a_differential_npy_filtered_Cable1/Mouse25_Cable1_HF_2026-03-05_12-46-31_DIFF_Ch2_minus_Ch3.npy,Mouse25_Cable1_HF_2026-03-05_12-46-31_DIFF_Ch2_minus_Ch3.eeg,/Users/amanlizahra/Desktop/thesis_lfp_analysis/outputs/03a_differential_eeg_for_spike2_filtered_Cable1/Mouse25_Cable1_HF_2026-03-05_12-46-31_DIFF_Ch2_minus_Ch3.eeg,1.0,False,2,3,Ch2-Ch3,1814.804,30.246733333333335,/Users/amanlizahra/Desktop/Cable1_HF/Mouse25_Cable1-2026-03-05_12-46-31.eeg,/Users/amanlizahra/Desktop/thesis_lfp_analysis/outputs/03a_differential_npy_filtered_Cable1/Mouse25_Cable1_HF_2026-03-05_12-46-31_DIFF_Ch2_minus_Ch3.npy,2026-03-05,diet,10.0,,34.5,measured,False,D
25,HF,Cable1,Mouse25_Cable1-2026-03-10_14-50-39.eeg,Mouse25_Cable1_HF_2026-03-10_14-50-39_DIFF_Ch2_minus_Ch3,Mouse25_Cable1_HF_2026-03-10_14-50-39_DIFF_Ch2_minus_Ch3.npy,/Users/amanlizahra/Desktop/thesis_lfp_analysis/outputs/03a_differential_npy_filtered_Cable1/Mouse25_Cable1_HF_2026-03-10_14-50-39_DIFF_Ch2_minus_Ch3.npy,Mouse25_Cable1_HF_2026-03-10_14-50-39_DIFF_Ch2_minus_Ch3.eeg,/Users/amanlizahra/Desktop/thesis_lfp_analysis/outputs/03a_differential_eeg_for_spike2_filtered_Cable1/Mouse25_Cable1_HF_2026-03-10_14-50-39_DIFF_Ch2_minus_Ch3.eeg,0.4882887006942855,True,2,3,Ch2-Ch3,1852.548,30.8758,/Users/amanlizahra/Desktop/Cable1_HF/Mouse25_Cable1-2026-03-10_14-50-39.eeg,/Users/amanlizahra/Desktop/thesis_lfp_analysis/outputs/03a_differential_npy_filtered_Cable1/Mouse25_Cable1_HF_2026-03-10_14-50-39_DIFF_Ch2_minus_Ch3.npy,2026-03-10,diet,15.0,,33.87,interpolated,False,D
25,HF,Cable1,Mouse25_Cable1-2026-03-16_12-32-16.eeg,Mouse25_Cable1_HF_2026-03-16_12-32-16_DIFF_Ch2_minus_Ch3,Mouse25_Cable1_HF_2026-03-16_12-32-16_DIFF_Ch2_minus_Ch3.npy,/Users/amanlizahra/Desktop/thesis_lfp_analysis/outputs/03a_differential_npy_filtered_Cable1/Mouse25_Cable1_HF_2026-03-16_12-32-16_DIFF_Ch2_minus_Ch3.npy,Mouse25_Cable1_HF_2026-03-16_12-32-16_DIFF_Ch2_minus_Ch3.eeg,/Users/amanlizahra/Desktop/thesis_lfp_analysis/outputs/03a_differential_eeg_for_spike2_filtered_Cable1/Mouse25_Cable1_HF_2026-03-16_12-32-16_DIFF_Ch2_minus_Ch3.eeg,1.0,False,2,3,Ch2-Ch3,1823.548,30.392466666666667,/Users/amanlizahra/Desktop/Cable1_HF/Mouse25_Cable1-2026-03-16_12-32-16.eeg,/Users/amanlizahra/Desktop/thesis_lfp_analysis/outputs/03a_differential_npy_filtered_Cable1/Mouse25_Cable1_HF_2026-03-16_12-32-16_DIFF_Ch2_minus_Ch3.npy,2026-03-16,diet,21.0,,32.5,measured,False,A
25,HF,Cable1,Mouse25_Cable1-2026-03-23_12-06-54.eeg,Mouse25_Cable1_HF_2026-03-23_12-06-54_DIFF_Ch2_minus_Ch3,Mouse25_Cable1_HF_2026-03-23_12-06-54_DIFF_Ch2_minus_Ch3.npy,/Users/amanlizahra/Desktop/thesis_lfp_analysis/outputs/03a_differential_npy_filtered_Cable1/Mouse25_Cable1_HF_2026-03-23_12-06-54_DIFF_Ch2_minus_Ch3.npy,Mouse25_Cable1_HF_2026-03-23_12-06-54_DIFF_Ch2_minus_Ch3.eeg,/Users/amanlizahra/Desktop/thesis_lfp_analysis/outputs/03a_differential_eeg_for_spike2_filtered_Cable1/Mouse25_Cable1_HF_2026-03-23_12-06-54_DIFF_Ch2_minus_Ch3.eeg,1.0,False,2,3,Ch2-Ch3,1812.1928,30.203213333333334,/Users/amanlizahra/Desktop/Cable1_HF/Mouse25_Cable1-2026-03-23_12-06-54.eeg,/Users/amanlizahra/Desktop/thesis_lfp_analysis/outputs/03a_differential_npy_filtered_Cable1/Mouse25_Cable1_HF_2026-03-23_12-06-54_DIFF_Ch2_minus_Ch3.npy,2026-03-23,diet,28.0,,33.1,measured,False,B
25,HF,Cable1,Mouse25_Cable1-2026-03-29_15-09-30.eeg,Mouse25_Cable1_HF_2026-03-29_15-09-30_DIFF_Ch2_minus_Ch3,Mouse25_Cable1_HF_2026-03-29_15-09-30_DIFF_Ch2_minus_Ch3.npy,/Users/amanlizahra/Desktop/thesis_lfp_analysis/outputs/03a_differential_npy_filtered_Cable1/Mouse25_Cable1_HF_2026-03-29_15-09-30_DIFF_Ch2_minus_Ch3.npy,Mouse25_Cable1_HF_2026-03-29_15-09-30_DIFF_Ch2_minus_Ch3.eeg,/Users/amanlizahra/Desktop/thesis_lfp_analysis/outputs/03a_differential_eeg_for_spike2_filtered_Cable1/Mouse25_Cable1_HF_2026-03-29_15-09-30_DIFF_Ch2_minus_Ch3.eeg,1.0,False,2,3,Ch2-Ch3,1206.8232,20.11372,/Users/amanlizahra/Desktop/Cable1_HF/Mouse25_Cable1-2026-03-29_15-09-30.eeg,/Users/amanlizahra/Desktop/thesis_lfp_analysis/outputs/03a_differential_npy_filtered_Cable1/Mouse25_Cable1_HF_2026-03-29_15-09-30_DIFF_Ch2_minus_Ch3.npy,2026-03-29,diet,34.0,,32.1,interpolated,False,D
25,HF,Cable1,Mouse25_Cable1-2026-03-31_13-36-44.eeg,Mouse25_Cable1_HF_2026-03-31_13-36-44_DIFF_Ch2_minus_Ch3,Mouse25_Cable1_HF_2026-03-31_13-36-44_DIFF_Ch2_minus_Ch3.npy,/Users/amanlizahra/Desktop/thesis_lfp_analysis/outputs/03a_differential_npy_filtered_Cable1/Mouse25_Cable1_HF_2026-03-31_13-36-44_DIFF_Ch2_minus_Ch3.npy,Mouse25_Cable1_HF_2026-03-31_13-36-44_DIFF_Ch2_minus_Ch3.eeg,/Users/amanlizahra/Desktop/thesis_lfp_analysis/outputs/03a_differential_eeg_for_spike2_filtered_Cable1/Mouse25_Cable1_HF_2026-03-31_13-36-44_DIFF_Ch2_minus_Ch3.eeg,0.9428680868617225,True,2,3,Ch2-Ch3,1196.6952,19.944920000000003,/Users/amanlizahra/Desktop/Cable1_HF/Mouse25_Cable1-2026-03-31_13-36-44.eeg,/Users/amanlizahra/Desktop/thesis_lfp_analysis/outputs/03a_differential_npy_filtered_Cable1/Mouse25_Cable1_HF_2026-03-31_13-36-44_DIFF_Ch2_minus_Ch3.npy,2026-03-31,recovery,,1.0,31.47,interpolated,False,A
25,HF,Cable1,Mouse25_Cable1-2026-04-02_14-33-12.eeg,Mouse25_Cable1_HF_2026-04-02_14-33-12_DIFF_Ch2_minus_Ch3,Mouse25_Cable1_HF_2026-04-02_14-33-12_DIFF_Ch2_minus_Ch3.npy,/Users/amanlizahra/Desktop/thesis_lfp_analysis/outputs/03a_differential_npy_filtered_Cable1/Mouse25_Cable1_HF_2026-04-02_14-33-12_DIFF_Ch2_minus_Ch3.npy,Mouse25_Cable1_HF_2026-04-02_14-33-12_DIFF_Ch2_minus_Ch3.eeg,/Users/amanlizahra/Desktop/thesis_lfp_analysis/outputs/03a_differential_eeg_for_spike2_filtered_Cable1/Mouse25_Cable1_HF_2026-04-02_14-33-12_DIFF_Ch2_minus_Ch3.eeg,1.0,False,2,3,Ch2-Ch3,1212.2176,20.203626666666665,/Users/amanlizahra/Desktop/Cable1_HF/Mouse25_Cable1-2026-04-02_14-33-12.eeg,/Users/amanlizahra/Desktop/thesis_lfp_analysis/outputs/03a_differential_npy_filtered_Cable1/Mouse25_Cable1_HF_2026-04-02_14-33-12_DIFF_Ch2_minus_Ch3.npy,2026-04-02,recovery,,3.0,30.4,measured,False,B
